"시도교육청","지역교육청","지역","정보공시 학교코드","학교명","학교급코드","설립구분","제외여부","제외사유","유초등부-유 학급수","유초등부-유 학생수","유초등부-유 학급당 학생수","유초등부-유-순회 학급수","유초등부-유-순회 학생수","유초등부-유-순회 학급당 학생수","유초등부-1학년 학급수","유초등부-1학년 학생수","유초등부-1학년 학급당 학생수","유초등부-2학년 학급수","유초등부-2학년 학생수","유초등부-2학년 학급당 학생수","유초등부-3학년 학급수","유초등부-3학년 학생수","유초등부-3학년 학급당 학생수","유초등부-4학년 학급수","유초등부-4학년 학생수","유초등부-4학년 학급당 학생수","유초등부-5학년 학급수","유초등부-5학년 학생수","유초등부-5학년 학급당 학생수","유초등부-6학년 학급수","유초등부-6학년 학생수","유초등부-6학년 학급당 학생수","유초등부-초-순회 학급수","유초등부-초-순회 학생수","유초등부-초-순회 학급당 학생수","유초등부 학급수(계)","유초등부 학생수(계)","유초등부 학급당 학생수(계)","중등부-1학년 학급수","중등부-1학년 학생수","중등부-1학년 학급당 학생수","중등부-2학년 학급수","중등부-2학년 학생수","중등부-2학년 학급당 학생수","중등부-3학년 학급수","중등부-3학년 학생수","중등부-3학년 학급당 학생수","중등부-순회 학급수","중등부-순회 학생수","중등부-순회 학급당 학생수","중등부 학급수(계)","중등부 학생수(계)","중등부 학급당 학생수(계)","고등부-1학년 학급수","고등부-1학년 학생수","고등부-1학년 학급당 학생수","고등부-2학년 학급수","고등부-2학년 학생수","고등부-2학년 학급당 학생수","고등부-3학년 학급수","고등부-3학년 학생수","고등부-3학년 학급당 학생수","고등부-순회 학급수","고등부-순회 학생수","고등부-순회 학급당 학생수","고등부 학급수(계)","고등부 학생수(계)","고등부 학급당 학생수(계)","전공과 학급수","전공과 학생수","전공과 학급당 학생수","총계 학급수","총계 학생수","총계 학급당 학생수","교사수","수업교원 1인당 학생수"
"서울특별시교육청","교육부","서울특별시 종로구","S000003545","서울농학교","05","국립","N","","3","5","1.7","0","0","0","1","3","3","1","1","1","1","4","4","1","2","2","1","2","2","1","4","4","0","0","0","9","21","2.3","2","6","3","2","6","3","2","6","3","0","0","0","6","18","3","2","7","3.5","3","15","5","3","12","4","0","0","0","8","34","4.3","4","18","4.5","27","91","3.4","49","1.4"
"서울특별시교육청","교육부","서울특별시 마포구","S000003553","한국우진학교","05","국립","N","","2","9","4.5","1","5","5","2","10","5","2","7","3.5","2","9","4.5","2","8","4","1","6","6","2","8","4","4","10","2.5","18","72","4","2","12","6","2","9","4.5","2","12","6","1","2","2","7","35","5","3","13","4.3","3","16","5.3","3","15","5","1","2","2","10","46","4.6","4","24","6","39","177","4.5","66","2.1"
"서울특별시교육청","교육부","서울특별시 종로구","S000003610","서울맹학교","05","국립","N","","5","14","2.8","0","0","0","2","9","4.5","1","4","4","1","2","2","2","3","1.5","1","2","2","1","7","7","0","0","0","13","41","3.2","2","5","2.5","2","6","3","3","18","6","0","0","0","7","29","4.1","3","19","6.3","2","14","7","3","17","5.7","0","0","0","8","50","6.3","11","89","8.1","39","209","5.4","68","1.6"
"서울특별시교육청","서울특별시교육청","서울특별시 송파구","S010000663","광성하늘빛학교","05","사립","N","","7","27","3.9","0","0","0","0","0","0","0","0","0","0","0","0","0","0","0","0","0","0","0","0","0","0","0","0","7","27","3.9","0","0","0","0","0","0","0","0","0","0","0","0","0","0","0","0","0","0","0","0","0","0","0","0","0","0","0","0","0","0","0","0","0","7","27","3.9","13","0"
"서울특별시교육청","서울특별시교육청","서울특별시 동작구","S010000664","누리학교","05","사립","N","","7","31","4.4","0","0","0","0","0","0","0","0","0","0","0","0","0","0","0","0","0","0","0","0","0","0","0","0","7","31","4.4","0","0","0","0","0","0","0","0","0","0","0","0","0","0","0","0","0","0","0","0","0","0","0","0","0","0","0","0","0","0","0","0","0","7","31","4.4","11","0"
"서울특별시교육청","서울특별시교육청","서울특별시 강서구","S010000665","교남학교","05","사립","N","","0","0","0","0","0","0","1","7","7","1","6","6","1","6","6","1","7","7","1","6","6","1","7","7","0","0","0","6","39","6.5","1","6","6","2","11","5.5","1","7","7","0","0","0","4","24","6","2","11","5.5","1","9","9","1","11","11","0","0","0","4","31","7.8","2","14","7","16","108","6.8","28","3.4"
"서울특별시교육청","서울특별시교육청","서울특별시 서초구","S010000667","다니엘학교","05","사립","N","","1","1","1","0","0","0","2","12","6","2","16","8","2","16","8","2","14","7","2","14","7","2","14","7","0","0","0","13","87","6.7","2","12","6","2","14","7","2","13","6.5","0","0","0","6","39","6.5","2","16","8","2","17","8.5","2","17","8.5","0","0","0","6","50","8.3","4","28","7","29","204","7","51","3.4"
"서울특별시교육청","서울특별시교육청","서울특별시 강남구","S010000669","밀알학교","05","사립","N","","1","3","3","0","0","0","2","14","7","2","12","6","2","12","6","2","12","6","2","13","6.5","2","12","6","0","0","0","13","78","6","2","14","7","2","14","7","2","12","6","0","0","0","6","40","6.7","2","12","6","2","16","8","3","17","5.7","0","0","0","7","45","6.4","4","30","7.5","30","193","6.4","52","3.1"
"서울특별시교육청","서울특별시교육청","서울특별시 관악구","S010000670","서울새롬학교","05","사립","N","","1","6","6","1","7","7","1","4","4","1","3","3","1","5","5","1","7","7","1","3","3","1","3","3","3","17","5.7","11","55","5","1","2","2","1","4","4","1","5","5","2","2","1","5","13","2.6","0","0","0","0","0","0","0","0","0","1","5","5","1","5","5","0","0","0","17","73","4.3","31","1.9"
"서울특별시교육청","서울특별시교육청","서울특별시 광진구","S010000671","서울광진학교","05","공립","N","","0","0","0","0","0","0","1","2","2","1","4","4","1","7","7","1","6","6","2","11","5.5","1","5","5","0","0","0","7","35","5","2","12","6","2","10","5","2","10","5","0","0","0","6","32","5.3","2","15","7.5","3","16","5.3","3","19","6.3","0","0","0","8","50","6.3","4","30","7.5","25","147","5.9","43","2.7"
"서울특별시교육청","서울특별시교육청","서울특별시 노원구","S010000673","서울동천학교","05","사립","N","","1","4","4","0","0","0","2","12","6","2","12","6","3","18","6","2","13","6.5","2","13","6.5","2","12","6","0","0","0","14","84","6","2","11","5.5","3","15","5","3","18","6","0","0","0","8","44","5.5","3","18","6","3","22","7.3","3","24","8","0","0","0","9","64","7.1","4","31","7.8","35","223","6.4","58","3.2"
"서울특별시교육청","서울특별시교육청","서울특별시 동작구","S010000676","서울삼성학교","05","사립","N","","4","23","5.8","0","0","0","1","2","2","1","1","1","2","8","4","1","7","7","1","6","6","2","11","5.5","0","0","0","12","58","4.8","1","6","6","1","5","5","1","4","4","0","0","0","3","15","5","2","16","8","2","11","5.5","2","9","4.5","0","0","0","6","36","6","0","0","0","21","109","5.2","35","2.5"
"서울특별시교육청","서울특별시교육청","서울특별시 강북구","S010000677","서울애화학교","05","사립","N","","4","20","5","0","0","0","1","3","3","1","3","3","1","3","3","0","0","0","0","0","0","1","5","5","0","0","0","8","34","4.3","2","9","4.5","2","10","5","2","15","7.5","0","0","0","6","34","5.7","2","15","7.5","2","7","3.5","2","10","5","0","0","0","6","32","5.3","4","30","7.5","24","130","5.4","42","1.9"
"서울특별시교육청","서울특별시교육청","서울특별시 도봉구","S010000678","서울인강학교","05","사립","N","","0","0","0","0","0","0","1","5","5","2","8","4","2","11","5.5","1","5","5","1","4","4","2","7","3.5","0","0","0","9","40","4.4","2","12","6","1","5","5","2","9","4.5","0","0","0","5","26","5.2","1","6","6","1","7","7","3","14","4.7","0","0","0","5","27","5.4","5","31","6.2","24","124","5.2","44","2.1"
"서울특별시교육청","서울특별시교육청","서울특별시 관악구","S010000679","서울정문학교","05","공립","N","","0","0","0","0","0","0","2","12","6","2","12","6","2","13","6.5","2","11","5.5","2","13","6.5","2","10","5","0","0","0","12","71","5.9","2","12","6","2","12","6","3","13","4.3","1","3","3","8","40","5","3","16","5.3","3","20","6.7","3","18","6","1","2","2","10","56","5.6","4","28","7","34","195","5.7","55","3"
"서울특별시교육청","서울특별시교육청","서울특별시 노원구","S010000680","서울정민학교","05","공립","N","","1","3","3","4","15","3.8","2","5","2.5","1","4","4","2","7","3.5","3","16","5.3","2","11","5.5","1","6","6","6","22","3.7","22","89","4","5","21","4.2","3","15","5","2","7","3.5","2","6","3","12","49","4.1","3","16","5.3","2","11","5.5","4","20","5","5","17","3.4","14","64","4.6","5","25","5","53","227","4.3","79","2.3"
"서울특별시교육청","서울특별시교육청","서울특별시 강북구","S010000681","서울정인학교","05","공립","N","","0","0","0","0","0","0","2","9","4.5","3","14","4.7","2","10","5","2","8","4","2","11","5.5","2","9","4.5","1","2","2","14","63","4.5","2","8","4","2","8","4","2","8","4","0","0","0","6","24","4","2","11","5.5","4","19","4.8","4","22","5.5","0","0","0","10","52","5.2","6","31","5.2","36","170","4.7","58","2.4"
"서울특별시교육청","서울특별시교육청","서울특별시 구로구","S010000682","서울정진학교","05","공립","N","","0","0","0","1","5","5","2","10","5","2","11","5.5","2","14","7","2","10","5","2","10","5","3","16","5.3","4","9","2.3","18","85","4.7","4","20","5","4","18","4.5","4","26","6.5","0","0","0","12","64","5.3","4","28","7","4","25","6.3","6","40","6.7","1","2","2","15","95","6.3","7","48","6.9","52","292","5.6","85","2.8"
"서울특별시교육청","서울특별시교육청","서울특별시 구로구","S010000683","성베드로학교","05","사립","N","","0","0","0","0","0","0","2","12","6","2","12","6","2","12","6","2","12","6","2","13","6.5","2","12","6","0","0","0","12","73","6.1","2","12","6","2","14","7","2","13","6.5","0","0","0","6","39","6.5","2","14","7","2","13","6.5","2","16","8","0","0","0","6","43","7.2","2","12","6","26","167","6.4","44","3.5"
"서울특별시교육청","서울특별시교육청","서울특별시 종로구","S010000684","수도사랑의학교","05","사립","N","","7","26","3.7","0","0","0","0","0","0","0","0","0","0","0","0","0","0","0","0","0","0","0","0","0","0","0","0","7","26","3.7","0","0","0","0","0","0","0","0","0","0","0","0","0","0","0","0","0","0","0","0","0","0","0","0","0","0","0","0","0","0","0","0","0","7","26","3.7","11","0"
"서울특별시교육청","서울특별시교육청","서울특별시 서대문구","S010000686","연세대학교재활학교","05","사립","N","","1","5","5","1","3","3","1","7","7","1","7","7","1","5","5","1","7","7","1","5","5","1","5","5","0","0","0","8","44","5.5","1","7","7","1","7","7","1","4","4","0","0","0","3","18","6","2","9","4.5","1","6","6","1","7","7","1","4","4","5","26","5.2","2","14","7","18","102","5.7","30","2.7"
"서울특별시교육청","서울특별시교육청","서울특별시 강남구","S010000688","서울정애학교","05","공립","N","","0","0","0","4","11","2.8","1","6","6","2","9","4.5","1","6","6","1","7","7","1","6","6","1","6","6","5","17","3.4","16","68","4.3","2","14","7","3","15","5","2","10","5","3","11","3.7","10","50","5","2","13","6.5","2","12","6","2","14","7","1","2","2","7","41","5.9","4","27","6.8","37","186","5","61","2.4"
"서울특별시교육청","서울특별시교육청","서울특별시 강동구","S010000691","주몽학교","05","사립","N","","2","5","2.5","0","0","0","2","9","4.5","2","13","6.5","2","12","6","2","5","2.5","2","11","5.5","2","14","7","0","0","0","14","69","4.9","2","11","5.5","2","14","7","2","16","8","0","0","0","6","41","6.8","2","12","6","2","15","7.5","2","14","7","0","0","0","6","41","6.8","4","20","5","30","171","5.7","51","2.9"
"서울특별시교육청","서울특별시교육청","서울특별시 강동구","S010000694","한국구화학교","05","사립","N","","2","6","3","0","0","0","2","12","6","1","7","7","2","13","6.5","1","7","7","1","6","6","2","11","5.5","0","0","0","11","62","5.6","2","9","4.5","4","16","4","1","3","3","0","0","0","7","28","4","3","13","4.3","3","18","6","3","16","5.3","0","0","0","9","47","5.2","2","14","7","29","151","5.2","51","2.6"
"서울특별시교육청","서울특별시교육청","서울특별시 송파구","S010000696","한국육영학교","05","사립","N","","1","3","3","0","0","0","2","14","7","2","13","6.5","2","12","6","2","13","6.5","2","13","6.5","2","12","6","0","0","0","13","80","6.2","2","14","7","2","12","6","2","14","7","0","0","0","6","40","6.7","2","16","8","2","15","7.5","2","16","8","0","0","0","6","47","7.8","4","31","7.8","29","198","6.8","49","3.3"
"서울특별시교육청","서울특별시교육청","서울특별시 강북구","S010000697","한빛맹학교","05","사립","N","","0","0","0","0","0","0","1","5","5","1","4","4","1","4","4","1","3","3","2","10","5","2","11","5.5","0","0","0","8","37","4.6","1","9","9","1","3","3","1","4","4","0","0","0","3","16","5.3","2","7","3.5","2","7","3.5","2","10","5","0","0","0","6","24","4","6","26","4.3","23","103","4.5","40","1.9"
"서울특별시교육청","서울특별시교육청","서울특별시 은평구","S010002477","은평대영학교","05","사립","N","","1","2","2","0","0","0","2","11","5.5","2","14","7","2","11","5.5","2","13","6.5","2","13","6.5","2","12","6","0","0","0","13","76","5.8","3","15","5","4","25","6.3","4","27","6.8","0","0","0","11","67","6.1","4","26","6.5","3","18","6","4","27","6.8","0","0","0","11","71","6.5","3","24","8","38","238","6.3","68","3.1"
"서울특별시교육청","서울특별시교육청","서울특별시 종로구","S010002520","서울경운학교","05","공립","N","","0","0","0","0","0","0","1","7","7","1","7","7","1","7","7","1","6","6","1","4","4","1","7","7","1","2","2","7","40","5.7","2","9","4.5","2","15","7.5","2","14","7","1","2","2","7","40","5.7","2","8","4","1","6","6","3","16","5.3","0","0","0","6","30","5","4","21","5.3","24","131","5.5","41","2.7"
"서울특별시교육청","서울특별시교육청","서울특별시 성북구","S010006331","서울다원학교","05","공립","N","","0","0","0","2","8","4","1","6","6","1","6","6","1","5","5","1","6","6","1","3","3","1","5","5","0","0","0","8","39","4.9","1","3","3","1","7","7","1","5","5","0","0","0","3","15","5","2","9","4.5","1","5","5","2","10","5","0","0","0","5","24","4.8","2","13","6.5","18","91","5.1","31","2.3"
"서울특별시교육청","서울특별시교육청","서울특별시 강북구","S010006400","서울효정학교","05","사립","N","","7","30","4.3","0","0","0","0","0","0","0","0","0","0","0","0","0","0","0","0","0","0","0","0","0","0","0","0","7","30","4.3","0","0","0","0","0","0","0","0","0","0","0","0","0","0","0","0","0","0","0","0","0","0","0","0","0","0","0","0","0","0","0","0","0","7","30","4.3","10","0"
"부산광역시교육청","부산광역시교육청","부산광역시 연제구","S020000563","부산동암학교","05","사립","N","","0","0","0","0","0","0","1","6","6","1","6","6","1","6","6","2","10","5","1","7","7","2","9","4.5","0","0","0","8","44","5.5","2","13","6.5","2","14","7","2","10","5","0","0","0","6","37","6.2","2","15","7.5","2","10","5","2","13","6.5","0","0","0","6","38","6.3","4","28","7","24","147","6.1","42","2.8"
"부산광역시교육청","부산광역시교육청","부산광역시 남구","S020000569","부산구화학교","05","사립","N","","9","27","3","0","0","0","1","6","6","1","6","6","1","11","11","1","6","6","1","4","4","1","7","7","0","0","0","15","67","4.5","1","6","6","2","9","4.5","2","8","4","0","0","0","5","23","4.6","0","0","0","0","0","0","0","0","0","0","0","0","0","0","0","0","0","0","20","90","4.5","29","2.2"
"부산광역시교육청","부산광역시교육청","부산광역시 동래구","S020000573","부산맹학교","05","공립","N","","2","3","1.5","0","0","0","1","4","4","1","5","5","1","4","4","1","5","5","1","5","5","1","3","3","0","0","0","8","29","3.6","1","3","3","1","1","1","1","5","5","0","0","0","3","9","3","2","10","5","1","5","5","1","5","5","0","0","0","4","20","5","4","23","5.8","19","81","4.3","34","1.6"
"부산광역시교육청","부산광역시교육청","부산광역시 수영구","S020000577","부산배화학교","05","공립","N","","4","9","2.3","4","19","4.8","2","9","4.5","2","9","4.5","2","12","6","2","7","3.5","1","7","7","1","3","3","1","3","3","19","78","4.1","2","8","4","1","1","1","1","3","3","0","0","0","4","12","3","1","3","3","1","4","4","1","5","5","0","0","0","3","12","4","0","0","0","26","102","3.9","39","1.9"
"부산광역시교육청","부산광역시교육청","부산광역시 사하구","S020000581","부산천사의학교","05","사립","N","","8","31","3.9","0","0","0","0","0","0","0","0","0","0","0","0","0","0","0","0","0","0","0","0","0","0","0","0","8","31","3.9","0","0","0","0","0","0","0","0","0","0","0","0","0","0","0","0","0","0","0","0","0","0","0","0","0","0","0","0","0","0","0","0","0","8","31","3.9","12","0"
"부산광역시교육청","부산광역시교육청","부산광역시 남구","S020000582","부산혜남학교","05","공립","N","","3","8","2.7","1","1","1","3","15","5","2","11","5.5","2","9","4.5","2","11","5.5","2","12","6","1","4","4","0","0","0","16","71","4.4","3","12","4","3","13","4.3","3","15","5","0","0","0","9","40","4.4","2","12","6","2","13","6.5","3","20","6.7","0","0","0","7","45","6.4","4","18","4.5","36","174","4.8","58","2.5"
"부산광역시교육청","부산광역시교육청","부산광역시 남구","S020000586","부산혜성학교","05","공립","N","","0","0","0","0","0","0","2","8","4","2","12","6","1","6","6","1","6","6","1","6","6","3","13","4.3","0","0","0","10","51","5.1","2","11","5.5","2","10","5","2","11","5.5","0","0","0","6","32","5.3","3","18","6","4","25","6.3","5","35","7","0","0","0","12","78","6.5","6","41","6.8","34","202","5.9","61","2.6"
"부산광역시교육청","부산광역시교육청","부산광역시 서구","S020000590","부산혜송학교","05","공립","N","","0","0","0","0","0","0","2","7","3.5","5","7","1.4","1","5","5","2","8","4","2","8","4","3","17","5.7","0","0","0","15","52","3.5","2","11","5.5","2","12","6","2","13","6.5","0","0","0","6","36","6","2","9","4.5","2","9","4.5","3","15","5","0","0","0","7","33","4.7","4","27","6.8","32","148","4.6","52","2.3"
"부산광역시교육청","부산광역시교육청","부산광역시 강서구","S020000591","부산혜원학교","05","사립","N","","1","1","1","0","0","0","1","6","6","1","7","7","1","5","5","2","8","4","1","5","5","2","10","5","0","0","0","9","42","4.7","1","6","6","2","7","3.5","1","8","8","0","0","0","4","21","5.3","2","11","5.5","2","11","5.5","2","9","4.5","0","0","0","6","31","5.2","2","12","6","21","106","5","35","2.7"
"부산광역시교육청","부산광역시교육청","부산광역시 금정구","S020000596","부산은애학교","05","사립","N","","2","8","4","0","0","0","1","8","8","2","15","7.5","2","14","7","1","6","6","1","7","7","1","5","5","0","0","0","10","63","6.3","1","4","4","2","12","6","1","7","7","0","0","0","4","23","5.8","1","8","8","1","9","9","1","7","7","0","0","0","3","24","8","0","0","0","17","110","6.5","26","3.9"
"부산광역시교육청","부산광역시교육청","부산광역시 사상구","S020001869","부산솔빛학교","05","공립","N","","1","4","4","1","4","4","3","16","5.3","2","11","5.5","2","8","4","1","6","6","2","10","5","1","4","4","0","0","0","13","63","4.8","3","13","4.3","2","11","5.5","2","9","4.5","0","0","0","7","33","4.7","2","11","5.5","2","10","5","3","17","5.7","0","0","0","7","38","5.4","4","24","6","31","158","5.1","53","2.4"
"부산광역시교육청","부산광역시교육청","부산광역시 연제구","S020001876","부산두레학교","05","사립","N","","7","26","3.7","0","0","0","0","0","0","0","0","0","0","0","0","0","0","0","0","0","0","0","0","0","0","0","0","7","26","3.7","0","0","0","0","0","0","0","0","0","0","0","0","0","0","0","0","0","0","0","0","0","0","0","0","0","0","0","0","0","0","0","0","0","7","26","3.7","10","0"
"부산광역시교육청","부산광역시교육청","부산광역시 기장군","S020002011","부산성우학교","05","사립","N","","0","0","0","0","0","0","1","3","3","1","5","5","1","9","9","1","5","5","1","5","5","1","6","6","0","0","0","6","33","5.5","1","3","3","1","2","2","1","2","2","0","0","0","3","7","2.3","0","0","0","0","0","0","0","0","0","0","0","0","0","0","0","0","0","0","9","40","4.4","16","2.5"
"부산광역시교육청","부산광역시교육청","부산광역시 강서구","S020002139","부산한솔학교","05","공립","N","","3","12","4","0","0","0","2","13","6.5","2","12","6","3","15","5","2","12","6","4","19","4.8","2","12","6","0","0","0","18","95","5.3","2","11","5.5","3","17","5.7","3","18","6","0","0","0","8","46","5.8","3","15","5","3","17","5.7","3","16","5.3","0","0","0","9","48","5.3","4","27","6.8","39","216","5.5","63","2.8"
"부산광역시교육청","부산광역시교육청","부산광역시 기장군","S020002140","부산해마루학교","05","공립","N","","0","0","0","0","0","0","0","0","0","0","0","0","0","0","0","0","0","0","0","0","0","0","0","0","0","0","0","0","0","0","4","20","5","4","22","5.5","3","19","6.3","0","0","0","11","61","5.5","3","23","7.7","4","22","5.5","5","33","6.6","0","0","0","12","78","6.5","6","38","6.3","29","177","6.1","55","2.5"
"대구광역시교육청","대구광역시교육청","대구광역시 수성구","S030000232","대구남양학교","05","공립","N","","0","0","0","0","0","0","2","10","5","4","24","6","2","12","6","4","20","5","2","11","5.5","2","10","5","3","10","3.3","19","97","5.1","3","17","5.7","3","18","6","4","22","5.5","1","5","5","11","62","5.6","3","17","5.7","3","15","5","3","15","5","2","8","4","11","55","5","6","66","11","47","280","6","80","2.7"
"대구광역시교육청","대구광역시교육청","대구광역시 북구","S030000233","대구성보학교","05","공립","N","","0","0","0","0","0","0","2","12","6","1","7","7","2","12","6","2","10","5","2","8","4","2","13","6.5","2","9","4.5","13","71","5.5","3","20","6.7","4","24","6","3","18","6","3","13","4.3","13","75","5.8","4","26","6.5","4","23","5.8","4","26","6.5","4","17","4.3","16","92","5.8","4","44","11","46","282","6.1","86","2.8"
"대구광역시교육청","대구광역시교육청","대구광역시 남구","S030001358","대구광명학교","05","사립","N","","1","1","1","0","0","0","1","1","1","1","3","3","1","5","5","1","3","3","1","3","3","1","5","5","0","0","0","7","21","3","1","3","3","1","3","3","1","2","2","0","0","0","3","8","2.7","1","2","2","1","2","2","1","5","5","0","0","0","3","9","3","4","28","7","17","66","3.9","27","1.4"
"대구광역시교육청","대구광역시교육청","대구광역시 남구","S030001359","대구보명학교","05","사립","N","","0","0","0","0","0","0","2","9","4.5","1","6","6","2","12","6","2","11","5.5","3","13","4.3","2","11","5.5","0","0","0","12","62","5.2","2","12","6","2","11","5.5","4","23","5.8","0","0","0","8","46","5.8","3","19","6.3","2","14","7","3","20","6.7","0","0","0","8","53","6.6","4","44","11","32","205","6.4","60","2.7"
"대구광역시교육청","대구광역시교육청","대구광역시 남구","S030001360","대구덕희학교","05","사립","N","","0","0","0","0","0","0","1","5","5","1","2","2","1","7","7","1","4","4","1","2","2","1","5","5","0","0","0","6","25","4.2","2","9","4.5","2","9","4.5","2","11","5.5","0","0","0","6","29","4.8","2","8","4","1","5","5","3","16","5.3","0","0","0","6","29","4.8","4","43","10.8","22","126","5.7","40","2.1"
"대구광역시교육청","대구광역시교육청","대구광역시 남구","S030001427","대구보건학교","05","사립","N","","0","0","0","0","0","0","2","7","3.5","1","3","3","1","6","6","1","6","6","1","4","4","1","5","5","0","0","0","7","31","4.4","2","13","6.5","1","6","6","2","12","6","0","0","0","5","31","6.2","2","10","5","2","14","7","2","12","6","0","0","0","6","36","6","3","22","7.3","21","120","5.7","37","2.6"
"대구광역시교육청","대구광역시교육청","대구광역시 동구","S030001428","대구선명학교","05","사립","N","","0","0","0","0","0","0","1","3","3","2","10","5","1","5","5","1","5","5","1","5","5","1","5","5","0","0","0","7","33","4.7","1","6","6","2","8","4","3","14","4.7","0","0","0","6","28","4.7","3","20","6.7","2","12","6","3","20","6.7","1","1","1","9","53","5.9","6","65","10.8","28","179","6.4","57","2"
"대구광역시교육청","대구광역시교육청","대구광역시 남구","S030001573","대구영화학교","05","사립","N","","1","2","2","0","0","0","1","3","3","1","2","2","1","4","4","1","2","2","1","1","1","1","4","4","0","0","0","7","18","2.6","1","6","6","1","5","5","1","3","3","0","0","0","3","14","4.7","1","4","4","1","7","7","2","9","4.5","0","0","0","4","20","5","2","8","4","16","60","3.8","25","2"
"대구광역시교육청","대구광역시교육청","대구광역시 달서구","S030001937","대구세명학교","05","공립","N","","2","6","3","0","0","0","4","24","6","3","14","4.7","2","12","6","3","18","6","4","23","5.8","1","7","7","1","0","0","20","104","5.2","2","10","5","3","18","6","2","13","6.5","1","0","0","8","41","5.1","5","29","5.8","5","35","7","3","22","7.3","0","0","0","13","86","6.6","4","42","10.5","45","273","6.1","83","2.7"
"인천광역시교육청","인천광역시교육청","인천광역시 부평구","S040000309","인천성동학교","05","사립","N","","6","16","2.7","0","0","0","1","3","3","1","4","4","1","3","3","1","6","6","2","11","5.5","1","3","3","0","0","0","13","46","3.5","1","4","4","1","3","3","1","3","3","0","0","0","3","10","3.3","1","2","2","1","1","1","1","2","2","0","0","0","3","5","1.7","0","0","0","19","61","3.2","24","1.9"
"인천광역시교육청","인천광역시교육청","인천광역시 연수구","S040000310","인천연일학교","05","공립","N","","2","5","2.5","0","0","0","1","6","6","4","18","4.5","3","16","5.3","1","4","4","1","7","7","2","7","3.5","3","14","4.7","17","77","4.5","2","10","5","2","11","5.5","2","11","5.5","2","7","3.5","8","39","4.9","2","12","6","3","15","5","3","21","7","3","8","2.7","11","56","5.1","5","47","9.4","41","219","5.3","60","2.8"
"인천광역시교육청","인천광역시교육청","인천광역시 부평구","S040000311","인천예림학교","05","사립","N","","0","0","0","0","0","0","1","2","2","1","7","7","1","8","8","1","7","7","1","7","7","1","6","6","0","0","0","6","37","6.2","2","12","6","2","10","5","2","15","7.5","0","0","0","6","37","6.2","2","11","5.5","2","14","7","3","22","7.3","0","0","0","7","47","6.7","4","33","8.3","23","154","6.7","40","3"
"인천광역시교육청","인천광역시교육청","인천광역시 부평구","S040000313","인천은광학교","05","사립","N","","0","0","0","0","0","0","1","3","3","1","5","5","2","8","4","1","5","5","1","7","7","2","14","7","4","16","4","12","58","4.8","1","7","7","1","7","7","1","6","6","2","8","4","5","28","5.6","1","8","8","1","6","6","2","10","5","0","0","0","4","24","6","2","12","6","23","122","5.3","36","3.1"
"인천광역시교육청","인천광역시교육청","인천광역시 계양구","S040000314","인천인혜학교","05","공립","N","","1","1","1","0","0","0","3","13","4.3","1","4","4","3","15","5","2","10","5","2","9","4.5","2","11","5.5","4","16","4","18","79","4.4","2","11","5.5","2","10","5","4","23","5.8","0","0","0","8","44","5.5","3","22","7.3","3","20","6.7","4","30","7.5","0","0","0","10","72","7.2","6","52","8.7","42","247","5.9","63","3.1"
"인천광역시교육청","인천광역시교육청","인천광역시 부평구","S040000315","인천혜광학교","05","사립","N","","2","6","3","0","0","0","1","2","2","1","2","2","1","3","3","1","1","1","1","3","3","1","2","2","0","0","0","8","19","2.4","2","7","3.5","1","3","3","2","7","3.5","0","0","0","5","17","3.4","2","9","4.5","1","4","4","1","7","7","0","0","0","4","20","5","7","37","5.3","24","93","3.9","35","1.4"
"인천광역시교육청","인천광역시교육청","인천광역시 남동구","S040001819","미추홀학교","05","공립","N","","0","0","0","0","0","0","0","0","0","0","0","0","0","0","0","0","0","0","0","0","0","0","0","0","0","0","0","0","0","0","0","0","0","0","0","0","0","0","0","0","0","0","0","0","0","4","24","6","3","18","6","6","34","5.7","2","5","2.5","15","81","5.4","12","97","8.1","27","178","6.6","45","1.8"
"인천광역시교육청","인천광역시교육청","인천광역시 남동구","S040002245","인천청선학교","05","공립","N","","2","7","3.5","0","0","0","4","26","6.5","4","25","6.3","4","24","6","3","18","6","3","17","5.7","2","12","6","3","9","3","25","138","5.5","5","22","4.4","5","33","6.6","3","18","6","0","0","0","13","73","5.6","0","0","0","0","0","0","0","0","0","0","0","0","0","0","0","0","0","0","38","211","5.6","56","3.6"
"인천광역시교육청","인천광역시교육청","인천광역시 남구","S040002258","인천청인학교","05","공립","N","","2","8","4","0","0","0","4","23","5.8","5","27","5.4","3","18","6","2","12","6","2","13","6.5","2","12","6","4","14","3.5","24","127","5.3","2","10","5","4","22","5.5","3","15","5","0","0","0","9","47","5.2","3","21","7","4","25","6.3","2","14","7","0","0","0","9","60","6.7","4","26","6.5","46","260","5.7","70","3.2"
"광주광역시교육청","광주광역시교육청","광주광역시 광산구","S050000640","광주선광학교","05","공립","N","","0","0","0","3","10","3.3","3","18","6","3","16","5.3","3","15","5","4","22","5.5","3","18","6","4","23","5.8","0","0","0","23","122","5.3","4","25","6.3","4","21","5.3","4","22","5.5","1","3","3","13","71","5.5","5","32","6.4","2","13","6.5","4","27","6.8","1","2","2","12","74","6.2","4","41","10.3","52","308","5.9","85","3"
"광주광역시교육청","광주광역시교육청","광주광역시 남구","S050000641","광주선명학교","05","공립","N","","0","0","0","1","4","4","2","9","4.5","2","10","5","2","7","3.5","2","10","5","2","7","3.5","1","4","4","1","0","0","13","51","3.9","2","12","6","3","13","4.3","3","15","5","0","0","0","8","40","5","4","23","5.8","3","17","5.7","4","26","6.5","2","9","4.5","13","75","5.8","4","42","10.5","38","208","5.5","63","2.6"
"광주광역시교육청","광주광역시교육청","광주광역시 서구","S050000642","광주세광학교","05","사립","N","","2","5","2.5","2","6","3","1","2","2","1","4","4","1","2","2","1","3","3","1","3","3","2","7","3.5","1","2","2","12","34","2.8","1","3","3","1","6","6","1","4","4","0","0","0","3","13","4.3","1","4","4","2","8","4","1","5","5","1","3","3","5","20","4","4","30","7.5","24","97","4","40","1.4"
"광주광역시교육청","광주광역시교육청","광주광역시 북구","S050000645","은혜학교","05","사립","N","","1","1","1","0","0","0","3","15","5","4","21","5.3","1","4","4","1","4","4","3","18","6","2","9","4.5","2","6","3","17","78","4.6","2","8","4","4","19","4.8","2","9","4.5","1","4","4","9","40","4.4","3","16","5.3","3","15","5","2","13","6.5","2","5","2.5","10","49","4.9","0","0","0","36","167","4.6","58","2.9"
"광주광역시교육청","광주광역시교육청","광주광역시 북구","S050001274","광주선우학교","05","공립","N","","1","1","1","5","15","3","2","11","5.5","2","11","5.5","2","6","3","2","9","4.5","2","12","6","3","14","4.7","0","0","0","19","79","4.2","4","21","5.3","2","12","6","4","17","4.3","0","0","0","10","50","5","4","18","4.5","5","27","5.4","5","30","6","0","0","0","14","75","5.4","4","43","10.8","47","247","5.3","79","2.4"
"대전광역시교육청","대전광역시교육청","대전광역시 동구","S060000160","대전맹학교","05","공립","N","","1","2","2","0","0","0","1","3","3","1","2","2","1","1","1","0","0","0","1","5","5","1","3","3","0","0","0","6","16","2.7","0","0","0","1","3","3","1","3","3","0","0","0","2","6","3","2","10","5","2","10","5","2","8","4","0","0","0","6","28","4.7","6","66","11","20","116","5.8","35","1.4"
"대전광역시교육청","대전광역시교육청","대전광역시 동구","S060000161","대전혜광학교","05","공립","N","","5","17","3.4","0","0","0","1","3","3","2","11","5.5","1","4","4","2","10","5","2","13","6.5","2","13","6.5","0","0","0","15","71","4.7","3","13","4.3","3","17","5.7","2","11","5.5","0","0","0","8","41","5.1","3","20","6.7","3","21","7","3","22","7.3","0","0","0","9","63","7","8","71","8.9","40","246","6.2","73","2.2"
"대전광역시교육청","대전광역시교육청","대전광역시 유성구","S060000162","대전성세재활학교","05","사립","N","","1","2","2","0","0","0","1","2","2","1","2","2","1","5","5","1","3","3","1","6","6","1","4","4","0","0","0","7","24","3.4","1","6","6","1","4","4","1","6","6","0","0","0","3","16","5.3","1","5","5","2","11","5.5","2","10","5","0","0","0","5","26","5.2","2","14","7","17","80","4.7","28","2.3"
"대전광역시교육청","대전광역시교육청","대전광역시 대덕구","S060000163","대전원명학교","05","사립","N","","7","21","3","0","0","0","2","8","4","1","6","6","1","7","7","3","14","4.7","3","12","4","2","11","5.5","0","0","0","19","79","4.2","3","10","3.3","2","13","6.5","3","19","6.3","0","0","0","8","42","5.3","5","27","5.4","3","19","6.3","2","15","7.5","0","0","0","10","61","6.1","7","67","9.6","44","249","5.7","72","2.2"
"대전광역시교육청","대전광역시교육청","대전광역시 서구","S060001246","대전가원학교","05","공립","N","","1","3","3","0","0","0","3","14","4.7","3","18","6","2","12","6","3","18","6","2","12","6","2","12","6","0","0","0","16","89","5.6","4","22","5.5","3","21","7","4","29","7.3","0","0","0","11","72","6.5","4","29","7.3","4","30","7.5","4","28","7","0","0","0","12","87","7.3","8","75","9.4","47","323","6.9","87","2.8"
"울산광역시교육청","울산광역시교육청","울산광역시 북구","S070000078","메아리학교","05","사립","N","","1","1","1","1","2","2","2","5","2.5","1","2","2","2","5","2.5","2","7","3.5","2","6","3","2","11","5.5","2","8","4","15","47","3.1","1","4","4","2","6","3","2","3","1.5","1","8","8","6","21","3.5","2","9","4.5","2","5","2.5","2","9","4.5","1","4","4","7","27","3.9","2","15","7.5","30","110","3.7","38","2.4"
"울산광역시교육청","울산광역시교육청","울산광역시 북구","S070000079","태연학교","05","사립","N","","0","0","0","0","0","0","1","3","3","0","0","0","0","0","0","2","7","3.5","0","0","0","1","4","4","6","18","3","10","32","3.2","1","6","6","2","8","4","2","7","3.5","7","19","2.7","12","40","3.3","1","5","5","2","10","5","3","14","4.7","2","5","2.5","8","34","4.3","6","58","9.7","36","164","4.6","52","2"
"울산광역시교육청","울산광역시교육청","울산광역시 중구","S070000574","울산혜인학교","05","공립","N","","1","2","2","0","0","0","3","13","4.3","3","15","5","3","13","4.3","2","11","5.5","3","11","3.7","3","13","4.3","0","0","0","18","78","4.3","3","18","6","4","20","5","4","22","5.5","0","0","0","11","60","5.5","4","22","5.5","4","21","5.3","4","23","5.8","1","2","2","13","68","5.2","6","59","9.8","48","265","5.5","84","2.4"
"울산광역시교육청","울산광역시교육청","울산광역시 울주군","S070000705","울산행복학교","05","공립","N","","1","2","2","0","0","0","3","15","5","2","8","4","2","10","5","2","10","5","2","10","5","2","9","4.5","1","1","1","15","65","4.3","3","12","4","3","14","4.7","3","18","6","0","0","0","9","44","4.9","3","21","7","3","17","5.7","3","22","7.3","0","0","0","9","60","6.7","10","98","9.8","43","267","6.2","72","2.3"
"세종특별자치시교육청","세종특별자치시교육청","세종특별자치시 세종특별자치시","S080000148","세종누리학교","05","공립","N","","3","8","2.7","0","0","0","2","10","5","2","9","4.5","2","12","6","1","5","5","1","2","2","1","5","5","0","0","0","12","51","4.3","2","10","5","2","7","3.5","3","14","4.7","0","0","0","7","31","4.4","3","18","6","2","9","4.5","2","11","5.5","0","0","0","7","38","5.4","4","24","6","30","144","4.8","46","2.4"
"경기도교육청","교육부","경기도 고양시 일산동구","S000003551","한국경진학교","05","국립","N","","3","10","3.3","0","0","0","2","12","6","2","12","6","2","12","6","2","12","6","2","12","6","2","11","5.5","0","0","0","15","81","5.4","2","12","6","2","14","7","2","12","6","0","0","0","6","38","6.3","2","12","6","2","14","7","2","14","7","0","0","0","6","40","6.7","4","28","7","31","187","6","60","2.5"
"경기도교육청","교육부","경기도 안산시 상록구","S000003552","한국선진학교","05","국립","N","","1","2","2","0","0","0","2","12","6","2","12","6","2","12","6","2","12","6","2","12","6","2","13","6.5","0","0","0","13","75","5.8","2","12","6","2","12","6","2","13","6.5","0","0","0","6","37","6.2","2","14","7","2","13","6.5","2","13","6.5","0","0","0","6","40","6.7","6","42","7","31","194","6.3","62","2.4"
"경기도교육청","경기도교육청","경기도 평택시","S090004123","에바다학교","05","사립","N","","0","0","0","0","0","0","1","6","6","1","5","5","1","5","5","1","6","6","1","5","5","1","6","6","0","0","0","6","33","5.5","1","8","8","1","8","8","1","5","5","0","0","0","3","21","7","1","7","7","1","7","7","2","11","5.5","0","0","0","4","25","6.3","0","0","0","13","79","6.1","25","3.2"
"경기도교육청","경기도교육청","경기도 평택시","S090004462","동방학교","05","사립","N","","2","6","3","0","0","0","2","12","6","2","12","6","2","12","6","2","12","6","2","12","6","2","12","6","0","0","0","14","78","5.6","2","12","6","2","12","6","2","12","6","0","0","0","6","36","6","2","14","7","2","11","5.5","2","13","6.5","0","0","0","6","38","6.3","4","27","6.8","30","179","6","57","2.6"
"경기도교육청","경기도교육청","경기도 광주시","S090004464","동현학교","05","사립","N","","1","3","3","0","0","0","1","6","6","1","5","5","1","8","8","1","2","2","1","3","3","1","2","2","0","0","0","7","29","4.1","1","3","3","1","1","1","1","4","4","0","0","0","3","8","2.7","1","6","6","1","4","4","1","7","7","0","0","0","3","17","5.7","2","13","6.5","15","67","4.5","28","1.8"
"경기도교육청","경기도교육청","경기도 고양시 덕양구","S090004465","명현학교","05","사립","N","","2","1","0.5","0","0","0","2","12","6","2","12","6","2","11","5.5","2","9","4.5","2","12","6","2","12","6","0","0","0","14","69","4.9","2","12","6","2","8","4","2","12","6","0","0","0","6","32","5.3","2","13","6.5","2","8","4","2","12","6","0","0","0","6","33","5.5","0","0","0","26","134","5.2","46","2.9"
"경기도교육청","경기도교육청","경기도 안산시 상록구","S090004466","명혜학교","05","사립","N","","0","0","0","0","0","0","0","0","0","0","0","0","0","0","0","0","0","0","0","0","0","0","0","0","0","0","0","0","0","0","2","11","5.5","2","12","6","2","11","5.5","0","0","0","6","34","5.7","2","14","7","2","13","6.5","2","15","7.5","0","0","0","6","42","7","2","16","8","14","92","6.6","32","2.4"
"경기도교육청","경기도교육청","경기도 고양시 일산서구","S090004467","밝은학교","05","사립","N","","6","23","3.8","0","0","0","0","0","0","0","0","0","0","0","0","0","0","0","0","0","0","0","0","0","0","0","0","6","23","3.8","0","0","0","0","0","0","0","0","0","0","0","0","0","0","0","0","0","0","0","0","0","0","0","0","0","0","0","0","0","0","0","0","0","6","23","3.8","8","0"
"경기도교육청","경기도교육청","경기도 부천시","S090004468","부천혜림학교","05","사립","N","","0","0","0","0","0","0","1","6","6","1","6","6","1","6","6","1","6","6","1","6","6","1","6","6","0","0","0","6","36","6","1","6","6","1","5","5","1","6","6","0","0","0","3","17","5.7","1","7","7","1","6","6","1","7","7","0","0","0","3","20","6.7","2","14","7","14","87","6.2","26","2.8"
"경기도교육청","경기도교육청","경기도 파주시","S090004469","새얼학교","05","사립","N","","2","7","3.5","0","0","0","2","8","4","2","5","2.5","2","10","5","2","12","6","2","8","4","2","9","4.5","0","0","0","14","59","4.2","2","4","2","2","10","5","2","9","4.5","0","0","0","6","23","3.8","2","10","5","2","13","6.5","2","13","6.5","0","0","0","6","36","6","3","21","7","29","139","4.8","50","2.2"
"경기도교육청","경기도교육청","경기도 하남시","S090004472","성광학교","05","사립","N","","2","4","2","0","0","0","2","5","2.5","2","12","6","1","4","4","1","4","4","2","8","4","2","4","2","0","0","0","12","41","3.4","2","12","6","2","12","6","2","12","6","0","0","0","6","36","6","2","14","7","2","10","5","2","13","6.5","0","0","0","6","37","6.2","2","14","7","26","128","4.9","45","2.4"
"경기도교육청","경기도교육청","경기도 성남시 수정구","S090004473","성남혜은학교","05","공립","N","","2","2","1","2","3","1.5","2","12","6","2","12","6","2","6","3","2","6","3","2","6","3","2","11","5.5","0","0","0","16","58","3.6","3","9","3","3","12","4","3","11","3.7","0","0","0","9","32","3.6","3","8","2.7","3","17","5.7","3","15","5","2","2","1","11","42","3.8","8","57","7.1","44","189","4.3","66","1.9"
"경기도교육청","경기도교육청","경기도 오산시","S090004474","성심학교","05","사립","N","","1","4","4","0","0","0","1","6","6","1","6","6","1","6","6","1","6","6","1","6","6","1","6","6","0","0","0","7","40","5.7","2","10","5","2","11","5.5","2","9","4.5","0","0","0","6","30","5","2","10","5","2","11","5.5","2","12","6","0","0","0","6","33","5.5","4","22","5.5","23","125","5.4","45","2.2"
"경기도교육청","경기도교육청","경기도 성남시 분당구","S090004475","성은학교","05","공립","N","","1","2","2","0","0","0","2","12","6","2","12","6","2","12","6","2","6","3","2","8","4","2","12","6","0","0","0","13","64","4.9","2","10","5","3","18","6","3","14","4.7","0","0","0","8","42","5.3","3","17","5.7","3","22","7.3","2","11","5.5","0","0","0","8","50","6.3","8","55","6.9","37","211","5.7","71","2.2"
"경기도교육청","경기도교육청","경기도 수원시 장안구","S090004477","수원서광학교","05","사립","N","","5","11","2.2","0","0","0","2","12","6","2","12","6","2","11","5.5","2","12","6","2","12","6","2","12","6","0","0","0","17","82","4.8","2","10","5","2","11","5.5","2","11","5.5","0","0","0","6","32","5.3","2","14","7","2","12","6","2","13","6.5","0","0","0","6","39","6.5","0","0","0","29","153","5.3","48","3"
"경기도교육청","경기도교육청","경기도 광주시","S090004483","인덕학교","05","사립","N","","1","3","3","0","0","0","1","6","6","1","7","7","1","6","6","1","6","6","1","6","6","1","7","7","0","0","0","7","41","5.9","2","10","5","2","8","4","2","9","4.5","0","0","0","6","27","4.5","2","11","5.5","2","8","4","2","11","5.5","0","0","0","6","30","5","0","0","0","19","98","5.2","34","2.8"
"경기도교육청","경기도교육청","경기도 수원시 권선구","S090004484","자혜학교","05","사립","N","","1","4","4","0","0","0","1","6","6","1","6","6","1","6","6","1","6","6","1","6","6","1","6","6","0","0","0","7","40","5.7","1","6","6","1","6","6","1","3","3","0","0","0","3","15","5","1","6","6","1","5","5","1","7","7","0","0","0","3","18","6","4","26","6.5","17","99","5.8","32","2.2"
"경기도교육청","경기도교육청","경기도 양평군","S090004486","창인학교","05","사립","N","","1","3","3","0","0","0","1","2","2","1","2","2","1","4","4","1","5","5","1","7","7","1","7","7","0","0","0","7","30","4.3","2","5","2.5","2","7","3.5","2","9","4.5","0","0","0","6","21","3.5","2","11","5.5","2","8","4","2","9","4.5","0","0","0","6","28","4.7","2","16","8","21","95","4.5","38","2"
"경기도교육청","경기도교육청","경기도 광주시","S090004489","한사랑학교","05","사립","N","","4","22","5.5","0","0","0","2","12","6","2","5","2.5","2","9","4.5","2","8","4","2","10","5","1","6","6","0","0","0","15","72","4.8","1","5","5","1","6","6","1","6","6","0","0","0","3","17","5.7","1","3","3","1","4","4","1","3","3","0","0","0","3","10","3.3","0","0","0","21","99","4.7","32","2.4"
"경기도교육청","경기도교육청","경기도 화성시","S090004490","한우리학교","05","사립","N","","6","19","3.2","0","0","0","0","0","0","0","0","0","0","0","0","0","0","0","0","0","0","0","0","0","0","0","0","6","19","3.2","0","0","0","0","0","0","0","0","0","0","0","0","0","0","0","0","0","0","0","0","0","0","0","0","0","0","0","0","0","0","0","0","0","6","19","3.2","6","0"
"경기도교육청","경기도교육청","경기도 화성시","S090004491","해원학교","05","사립","N","","3","8","2.7","0","0","0","1","6","6","1","6","6","1","6","6","1","6","6","1","6","6","1","6","6","0","0","0","9","44","4.9","1","5","5","1","6","6","1","6","6","0","0","0","3","17","5.7","1","4","4","1","5","5","1","7","7","0","0","0","3","16","5.3","0","0","0","15","77","5.1","25","2.8"
"경기도교육청","경기도교육청","경기도 고양시 일산서구","S090004493","홀트학교","05","사립","N","","1","2","2","0","0","0","2","12","6","2","12","6","2","11","5.5","2","12","6","2","12","6","2","12","6","0","0","0","13","73","5.6","2","12","6","2","14","7","2","12","6","0","0","0","6","38","6.3","2","14","7","2","14","7","2","9","4.5","0","0","0","6","37","6.2","4","28","7","29","176","6.1","54","2.7"
"경기도교육청","경기도교육청","경기도 의정부시","S090004495","희망학교","05","사립","N","","7","28","4","1","5","5","0","0","0","0","0","0","0","0","0","0","0","0","0","0","0","0","0","0","0","0","0","8","33","4.1","0","0","0","0","0","0","0","0","0","0","0","0","0","0","0","0","0","0","0","0","0","0","0","0","0","0","0","0","0","0","0","0","0","8","33","4.1","10","0"
"경기도교육청","경기도교육청","경기도 안양시 만안구","S090004939","안양해솔학교","05","공립","N","","2","2","1","2","8","4","2","12","6","2","12","6","2","12","6","2","11","5.5","2","12","6","2","12","6","0","0","0","16","81","5.1","3","18","6","3","13","4.3","3","14","4.7","1","1","1","10","46","4.6","3","18","6","3","19","6.3","3","18","6","1","2","2","10","57","5.7","6","40","6.7","42","224","5.3","75","2.3"
"경기도교육청","경기도교육청","경기도 부천시","S090005171","부천상록학교","05","공립","N","","2","6","3","0","0","0","3","18","6","3","18","6","3","18","6","3","18","6","2","12","6","2","12","6","0","0","0","18","102","5.7","3","18","6","3","16","5.3","3","18","6","0","0","0","9","52","5.8","3","20","6.7","3","20","6.7","3","19","6.3","1","2","2","10","61","6.1","6","52","8.7","43","267","6.2","79","2.6"
"경기도교육청","경기도교육청","경기도 남양주시","S090005598","경은학교","05","공립","N","","2","8","4","0","0","0","2","12","6","2","12","6","2","13","6.5","2","12","6","2","13","6.5","2","12","6","0","0","0","14","82","5.9","2","12","6","2","12","6","2","11","5.5","1","3","3","7","38","5.4","2","14","7","2","10","5","2","14","7","1","5","5","7","43","6.1","6","42","7","34","205","6","63","2.5"
"경기도교육청","경기도교육청","경기도 용인시 기흥구","S090006117","용인강남학교","05","사립","N","","1","4","4","0","0","0","2","12","6","2","12","6","2","12","6","2","10","5","2","12","6","2","12","6","0","0","0","13","74","5.7","2","12","6","2","12","6","2","11","5.5","0","0","0","6","35","5.8","2","11","5.5","2","12","6","2","14","7","0","0","0","6","37","6.2","0","0","0","25","146","5.8","47","3"
"경기도교육청","경기도교육청","경기도 안성시","S090006118","한길학교","05","사립","N","","0","0","0","0","0","0","0","0","0","0","0","0","0","0","0","0","0","0","0","0","0","0","0","0","0","0","0","0","0","0","1","7","7","1","6","6","1","4","4","0","0","0","3","17","5.7","1","7","7","1","8","8","1","6","6","0","0","0","3","21","7","2","14","7","8","52","6.5","18","2.1"
"경기도교육청","경기도교육청","경기도 파주시","S090006625","자운학교","05","공립","N","","1","3","3","1","2","2","2","10","5","2","11","5.5","2","12","6","2","11","5.5","2","12","6","2","12","6","1","3","3","15","76","5.1","2","12","6","2","12","6","2","12","6","0","0","0","6","36","6","2","10","5","2","14","7","2","14","7","0","0","0","6","38","6.3","6","40","6.7","33","190","5.8","60","2.4"
"경기도교육청","경기도교육청","경기도 김포시","S090006697","새솔학교","05","공립","N","","2","8","4","1","1","1","1","12","12","1","6","6","1","6","6","1","6","6","1","6","6","1","6","6","0","0","0","9","51","5.7","3","12","4","3","15","5","3","18","6","0","0","0","9","45","5","3","21","7","3","12","4","3","20","6.7","0","0","0","9","53","5.9","6","38","6.3","33","187","5.7","62","2.3"
"경기도교육청","경기도교육청","경기도 의정부시","S090006796","송민학교","05","공립","N","","1","3","3","0","0","0","2","11","5.5","2","12","6","2","8","4","2","11","5.5","2","9","4.5","2","11","5.5","0","0","0","13","65","5","2","12","6","3","17","5.7","3","14","4.7","0","0","0","8","43","5.4","2","13","6.5","2","13","6.5","2","14","7","0","0","0","6","40","6.7","6","46","7.7","33","194","5.9","63","2.3"
"경기도교육청","경기도교육청","경기도 수원시 영통구","S090006797","아름학교","05","공립","N","","3","9","3","0","0","0","2","7","3.5","2","8","4","2","10","5","2","8","4","2","6","3","2","10","5","0","0","0","15","58","3.9","4","19","4.8","4","19","4.8","4","13","3.3","0","0","0","12","51","4.3","4","23","5.8","4","22","5.5","4","19","4.8","0","0","0","12","64","5.3","4","24","6","43","197","4.6","74","2.2"
"경기도교육청","경기도교육청","경기도 양주시","S090006910","양주도담학교","05","공립","N","","2","2","1","0","0","0","2","12","6","2","6","3","2","10","5","2","10","5","2","7","3.5","2","9","4.5","0","0","0","14","56","4","2","12","6","2","6","3","2","10","5","0","0","0","6","28","4.7","2","9","4.5","2","9","4.5","2","4","2","0","0","0","6","22","3.7","4","14","3.5","30","120","4","48","2.2"
"경기도교육청","경기도교육청","경기도 이천시","S090006922","다원학교","05","공립","N","","2","2","1","0","0","0","2","12","6","2","10","5","2","11","5.5","2","12","6","2","6","3","2","10","5","0","0","0","14","63","4.5","2","12","6","2","5","2.5","2","10","5","0","0","0","6","27","4.5","2","12","6","2","8","4","2","9","4.5","0","0","0","6","29","4.8","4","23","5.8","30","142","4.7","51","2.3"
"경기도교육청","경기도교육청","경기도 화성시","S090006923","화성나래학교","05","공립","N","","1","4","4","1","3","3","2","12","6","2","12","6","2","12","6","2","12","6","2","12","6","2","12","6","1","0","0","15","79","5.3","3","14","4.7","3","18","6","3","18","6","0","0","0","9","50","5.6","3","22","7.3","3","14","4.7","3","7","2.3","0","0","0","9","43","4.8","4","24","6","37","196","5.3","62","2.7"
"경기도교육청","경기도교육청","경기도 광주시","S090007251","광주새롬학교","05","사립","N","","0","0","0","0","0","0","1","6","6","1","7","7","1","6","6","1","5","5","1","4","4","1","1","1","0","0","0","6","29","4.8","1","1","1","1","0","0","1","2","2","0","0","0","3","3","1","1","7","7","1","4","4","1","6","6","0","0","0","3","17","5.7","1","3","3","13","52","4","23","2.1"
"강원도교육청","강원도교육청","강원도 춘천시","S100002518","강원명진학교","05","사립","N","","1","2","2","0","0","0","1","3","3","1","5","5","1","1","1","1","1","1","2","7","3.5","1","4","4","0","0","0","8","23","2.9","1","3","3","1","6","6","1","5","5","0","0","0","3","14","4.7","2","8","4","1","6","6","1","7","7","0","0","0","4","21","5.3","4","24","6","19","82","4.3","38","1.5"
"강원도교육청","강원도교육청","강원도 춘천시","S100002520","춘천계성학교","05","공립","N","","1","4","4","0","0","0","1","1","1","1","2","2","1","2","2","1","3","3","1","3","3","1","5","5","0","0","0","7","20","2.9","1","1","1","1","1","1","1","6","6","0","0","0","3","8","2.7","1","5","5","1","7","7","1","5","5","0","0","0","3","17","5.7","0","0","0","13","45","3.5","21","2"
"강원도교육청","강원도교육청","강원도 춘천시","S100002522","춘천동원학교","05","공립","N","","1","2","2","0","0","0","1","2","2","1","1","1","2","4","2","1","4","4","1","5","5","3","3","1","0","0","0","10","21","2.1","3","7","2.3","3","8","2.7","3","13","4.3","0","0","0","9","28","3.1","4","12","3","1","4","4","4","23","5.8","0","0","0","9","39","4.3","6","57","9.5","34","145","4.3","58","1.5"
"강원도교육청","강원도교육청","강원도 강릉시","S100002530","강릉오성학교","05","공립","N","","2","2","1","0","0","0","1","6","6","1","3","3","2","8","4","1","6","6","2","10","5","1","4","4","1","1","1","11","40","3.6","2","7","3.5","2","10","5","2","12","6","0","0","0","6","29","4.8","2","14","7","2","13","6.5","2","12","6","1","1","1","7","40","5.7","6","57","9.5","30","166","5.5","51","2.1"
"강원도교육청","강원도교육청","강원도 원주시","S100002536","원주청원학교","05","공립","N","","1","4","4","0","0","0","1","5","5","2","11","5.5","2","6","3","2","7","3.5","2","12","6","2","8","4","1","1","1","13","54","4.2","3","14","4.7","4","20","5","5","26","5.2","1","1","1","13","61","4.7","3","18","6","5","33","6.6","6","37","6.2","1","1","1","15","89","5.9","4","40","10","45","244","5.4","74","2.7"
"강원도교육청","강원도교육청","강원도 태백시","S100003721","태백미래학교","05","공립","N","","0","0","0","0","0","0","1","2","2","1","1","1","1","2","2","1","2","2","1","1","1","1","6","6","0","0","0","6","14","2.3","1","4","4","1","3","3","1","4","4","0","0","0","3","11","3.7","1","5","5","1","7","7","1","2","2","0","0","0","3","14","4.7","2","14","7","14","53","3.8","26","1.5"
"강원도교육청","강원도교육청","강원도 속초시","S100003724","속초청해학교","05","공립","N","","1","3","3","0","0","0","1","4","4","1","5","5","1","3","3","1","3","3","1","4","4","1","4","4","0","0","0","7","26","3.7","1","3","3","1","4","4","1","3","3","0","0","0","3","10","3.3","2","11","5.5","2","8","4","2","13","6.5","1","1","1","7","33","4.7","4","39","9.8","21","108","5.1","42","1.6"
"충청북도교육청","충청북도교육청","충청북도 음성군","S110001098","꽃동네학교","05","사립","N","","1","3","3","0","0","0","1","5","5","3","16","5.3","1","5","5","1","5","5","1","3","3","1","4","4","1","4","4","10","45","4.5","1","3","3","1","5","5","1","5","5","0","0","0","3","13","4.3","2","10","5","2","14","7","2","11","5.5","1","2","2","7","37","5.3","5","46","9.2","25","141","5.6","41","2.2"
"충청북도교육청","충청북도교육청","충청북도 충주시","S110001100","숭덕학교","05","사립","N","","2","7","3.5","0","0","0","1","7","7","2","9","4.5","2","8","4","1","4","4","2","7","3.5","1","3","3","2","2","1","13","47","3.6","1","5","5","2","11","5.5","1","8","8","1","1","1","5","25","5","1","9","9","1","7","7","1","7","7","1","3","3","4","26","6.5","2","19","9.5","24","117","4.9","37","2.5"
"충청북도교육청","충청북도교육청","충청북도 제천시","S110001104","청암학교","05","사립","N","","1","3","3","0","0","0","1","3","3","1","4","4","1","2","2","1","3","3","1","3","3","1","3","3","1","1","1","8","22","2.8","2","12","6","1","3","3","1","6","6","1","2","2","5","23","4.6","1","5","5","2","11","5.5","2","12","6","1","4","4","6","32","5.3","4","33","8.3","23","110","4.8","37","2"
"충청북도교육청","충청북도교육청","충청북도 청주시 상당구","S110001106","청주맹학교","05","사립","N","","2","2","1","0","0","0","1","4","4","2","5","2.5","1","3","3","1","1","1","1","3","3","1","3","3","0","0","0","9","21","2.3","1","4","4","1","5","5","2","6","3","0","0","0","4","15","3.8","1","6","6","1","7","7","1","7","7","0","0","0","3","20","6.7","6","44","7.3","22","100","4.5","36","1.5"
"충청북도교육청","충청북도교육청","충청북도 청주시 흥덕구","S110001108","청주성신학교","05","사립","N","","1","2","2","0","0","0","2","12","6","3","16","5.3","2","8","4","2","9","4.5","2","10","5","2","10","5","0","0","0","14","67","4.8","2","7","3.5","3","16","5.3","2","7","3.5","0","0","0","7","30","4.3","3","14","4.7","3","19","6.3","5","30","6","0","0","0","11","63","5.7","4","36","9","36","196","5.4","54","2.9"
"충청북도교육청","충청북도교육청","충청북도 청주시 상당구","S110001109","청주혜원학교","05","공립","N","","2","7","3.5","0","0","0","3","13","4.3","3","13","4.3","4","21","5.3","2","12","6","3","13","4.3","3","15","5","0","0","0","20","94","4.7","2","12","6","3","18","6","4","19","4.8","1","2","2","10","51","5.1","4","25","6.3","3","15","5","4","22","5.5","0","0","0","11","62","5.6","6","59","9.8","47","266","5.7","68","2.9"
"충청북도교육청","충청북도교육청","충청북도 청주시 서원구","S110001110","청주혜화학교","05","공립","N","","1","2","2","0","0","0","1","3","3","1","3","3","1","3","3","1","6","6","1","1","1","1","3","3","3","8","2.7","10","29","2.9","1","5","5","1","6","6","1","6","6","1","5","5","4","22","5.5","1","6","6","2","8","4","2","12","6","2","7","3.5","7","33","4.7","2","18","9","23","102","4.4","32","2.6"
"충청북도교육청","충청북도교육청","충청북도 충주시","S110001112","충주성모학교","05","사립","N","","0","0","0","0","0","0","1","1","1","1","2","2","1","2","2","0","0","0","0","0","0","1","4","4","0","0","0","4","9","2.3","1","2","2","1","2","2","1","3","3","0","0","0","3","7","2.3","1","3","3","2","7","3.5","2","10","5","0","0","0","5","20","4","3","19","6.3","15","55","3.7","23","1.6"
"충청북도교육청","충청북도교육청","충청북도 충주시","S110001115","충주성심학교","05","사립","N","","1","2","2","4","14","3.5","1","1","1","0","0","0","1","4","4","1","2","2","1","3","3","1","5","5","2","5","2.5","12","36","3","1","2","2","1","5","5","2","9","4.5","0","0","0","4","16","4","1","5","5","2","12","6","2","14","7","0","0","0","5","31","6.2","2","11","5.5","23","94","4.1","31","2.2"
"충청북도교육청","충청북도교육청","충청북도 충주시","S110002176","충주혜성학교","05","공립","N","","2","4","2","0","0","0","1","6","6","1","3","3","1","4","4","1","5","5","1","2","2","1","5","5","0","0","0","8","29","3.6","2","9","4.5","2","7","3.5","2","9","4.5","0","0","0","6","25","4.2","1","4","4","1","4","4","1","5","5","0","0","0","3","13","4.3","2","16","8","19","83","4.4","28","2.3"
"충청남도교육청","충청남도교육청","충청남도 공주시","S120001249","공주정명학교","05","공립","N","","0","0","0","0","0","0","1","2","2","1","4","4","1","3","3","1","2","2","1","1","1","1","2","2","0","0","0","6","14","2.3","1","4","4","1","5","5","1","5","5","2","0","0","5","14","2.8","1","6","6","1","7","7","1","7","7","1","1","1","4","21","5.3","6","44","7.3","21","93","4.4","37","1.3"
"충청남도교육청","충청남도교육청","충청남도 천안시 서북구","S120001250","천안인애학교","05","공립","N","","0","0","0","0","0","0","2","12","6","2","10","5","2","12","6","3","15","5","1","5","5","1","2","2","1","0","0","12","56","4.7","4","20","5","3","17","5.7","5","29","5.8","0","0","0","12","66","5.5","5","30","6","3","22","7.3","4","23","5.8","1","0","0","13","75","5.8","8","67","8.4","45","264","5.9","77","2.6"
"충청남도교육청","충청남도교육청","충청남도 보령시","S120001251","보령정심학교","05","사립","N","","0","0","0","0","0","0","1","1","1","1","3","3","1","1","1","1","2","2","1","1","1","1","4","4","0","0","0","6","12","2","1","5","5","1","5","5","1","5","5","0","0","0","3","15","5","1","2","2","2","8","4","2","11","5.5","1","3","3","6","24","4","4","36","9","19","87","4.6","29","1.8"
"충청남도교육청","충청남도교육청","충청남도 서산시","S120001252","서산성봉학교","05","공립","N","","0","0","0","0","0","0","2","13","6.5","2","7","3.5","2","10","5","1","4","4","1","6","6","2","9","4.5","0","0","0","10","49","4.9","2","10","5","3","16","5.3","3","11","3.7","0","0","0","8","37","4.6","2","15","7.5","3","15","5","3","15","5","0","0","0","8","45","5.6","8","68","8.5","34","199","5.9","55","2.4"
"충청남도교육청","충청남도교육청","충청남도 천안시 서북구","S120001253","나사렛새꿈학교","05","사립","N","","7","26","3.7","2","8","4","3","14","4.7","2","9","4.5","1","4","4","1","5","5","1","7","7","2","9","4.5","1","2","2","20","84","4.2","2","10","5","1","5","5","1","6","6","1","3","3","5","24","4.8","2","9","4.5","2","12","6","1","6","6","0","0","0","5","27","5.4","0","0","0","30","135","4.5","44","2.3"
"충청남도교육청","충청남도교육청","충청남도 아산시","S120002668","아산성심학교","05","공립","N","","0","0","0","0","0","0","2","11","5.5","3","16","5.3","2","12","6","2","10","5","2","7","3.5","1","4","4","0","0","0","12","60","5","4","17","4.3","2","11","5.5","2","10","5","0","0","0","8","38","4.8","3","20","6.7","3","17","5.7","2","10","5","1","0","0","9","47","5.2","6","46","7.7","35","191","5.5","56","2.6"
"충청남도교육청","충청남도교육청","충청남도 논산시","S120002913","성광온누리학교","05","공립","N","","1","3","3","0","0","0","2","7","3.5","2","10","5","1","4","4","1","3","3","1","2","2","1","3","3","0","0","0","9","32","3.6","1","4","4","2","7","3.5","1","4","4","0","0","0","4","15","3.8","2","9","4.5","1","5","5","1","3","3","0","0","0","4","17","4.3","4","32","8","21","96","4.6","34","1.8"
"전라북도교육청","전라북도교육청","전라북도 군산시","S130001760","군산명화학교","05","공립","N","","1","4","4","0","0","0","1","4","4","1","3","3","2","10","5","1","6","6","1","5","5","2","10","5","1","1","1","10","43","4.3","2","12","6","3","17","5.7","2","9","4.5","1","1","1","8","39","4.9","2","12","6","3","21","7","2","12","6","1","3","3","8","48","6","4","32","8","30","162","5.4","47","2.7"
"전라북도교육청","전라북도교육청","전라북도 전주시 완산구","S130001761","동암차돌학교","05","사립","N","","0","0","0","0","0","0","1","3","3","1","4","4","1","5","5","1","6","6","1","5","5","1","3","3","0","0","0","6","26","4.3","2","8","4","1","4","4","2","10","5","1","1","1","6","23","3.8","2","11","5.5","3","18","6","2","15","7.5","1","2","2","8","46","5.8","0","0","0","20","95","4.8","33","2.9"
"전라북도교육청","전라북도교육청","전라북도 익산시","S130001763","전북맹아학교","05","사립","N","","1","2","2","0","0","0","1","2","2","1","3","3","1","5","5","1","2","2","1","5","5","1","4","4","0","0","0","7","23","3.3","1","2","2","2","7","3.5","1","7","7","0","0","0","4","16","4","1","6","6","1","4","4","1","7","7","0","0","0","3","17","5.7","4","23","5.8","18","79","4.4","30","1.8"
"전라북도교육청","전라북도교육청","전라북도 완주군","S130001764","전북푸른학교","05","사립","N","","0","0","0","0","0","0","2","10","5","2","9","4.5","1","4","4","1","6","6","1","5","5","1","7","7","1","1","1","9","42","4.7","2","9","4.5","2","10","5","2","9","4.5","0","0","0","6","28","4.7","1","8","8","2","14","7","2","15","7.5","0","0","0","5","37","7.4","2","18","9","22","125","5.7","33","3.2"
"전라북도교육청","전라북도교육청","전라북도 익산시","S130001765","전북혜화학교","05","사립","N","","1","3","3","0","0","0","1","1","1","1","3","3","2","7","3.5","2","8","4","2","7","3.5","2","8","4","0","0","0","11","37","3.4","2","8","4","2","7","3.5","3","15","5","0","0","0","7","30","4.3","3","18","6","3","18","6","3","21","7","0","0","0","9","57","6.3","1","9","9","28","133","4.8","43","2.8"
"전라북도교육청","전라북도교육청","전라북도 전주시 완산구","S130001766","전주선화학교","05","공립","N","","1","3","3","0","0","0","2","7","3.5","1","5","5","2","7","3.5","1","4","4","1","4","4","1","4","4","0","0","0","9","34","3.8","1","5","5","2","7","3.5","1","6","6","0","0","0","4","18","4.5","2","6","3","1","8","8","2","10","5","0","0","0","5","24","4.8","6","51","8.5","24","127","5.3","39","1.9"
"전라북도교육청","전라북도교육청","전라북도 전주시 덕진구","S130001767","전주유화학교","05","공립","N","","14","52","3.7","0","0","0","0","0","0","0","0","0","0","0","0","0","0","0","0","0","0","0","0","0","0","0","0","14","52","3.7","0","0","0","0","0","0","0","0","0","0","0","0","0","0","0","0","0","0","0","0","0","0","0","0","0","0","0","0","0","0","0","0","0","14","52","3.7","14","0"
"전라북도교육청","전라북도교육청","전라북도 전주시 완산구","S130001768","전주은화학교","05","공립","N","","0","0","0","0","0","0","1","5","5","1","3","3","1","6","6","1","5","5","2","11","5.5","1","6","6","0","0","0","7","36","5.1","2","11","5.5","3","13","4.3","3","15","5","0","0","0","8","39","4.9","3","22","7.3","3","19","6.3","2","13","6.5","1","1","1","9","55","6.1","8","66","8.3","32","196","6.1","50","2.6"
"전라북도교육청","전라북도교육청","전라북도 남원시","S130002576","한울학교","05","공립","N","","0","0","0","0","0","0","1","4","4","1","1","1","1","1","1","1","4","4","1","1","1","0","0","0","0","0","0","5","11","2.2","1","2","2","2","9","4.5","2","8","4","0","0","0","5","19","3.8","2","9","4.5","1","6","6","2","13","6.5","0","0","0","5","28","5.6","3","25","8.3","18","83","4.6","31","1.9"
"전라북도교육청","전라북도교육청","전라북도 정읍시","S130002577","다솜학교","05","공립","N","","0","0","0","0","0","0","1","2","2","1","1","1","1","2","2","1","1","1","1","2","2","1","3","3","0","0","0","6","11","1.8","1","5","5","1","4","4","2","12","6","0","0","0","4","21","5.3","2","9","4.5","2","10","5","3","16","5.3","0","0","0","7","35","5","2","16","8","19","83","4.4","31","2.2"
"전라남도교육청","전라남도교육청","전라남도 강진군","S140002321","덕수학교","05","사립","N","","0","0","0","0","0","0","1","1","1","1","2","2","1","3","3","1","5","5","1","4","4","1","7","7","0","0","0","6","22","3.7","1","7","7","1","8","8","2","15","7.5","0","0","0","4","30","7.5","2","14","7","1","9","9","1","9","9","0","0","0","4","32","8","2","19","9.5","16","103","6.4","29","2.9"
"전라남도교육청","전라남도교육청","전라남도 영암군","S140002322","소림학교","05","사립","N","","1","4","4","0","0","0","1","7","7","1","6","6","1","4","4","1","7","7","2","10","5","1","6","6","0","0","0","8","44","5.5","2","9","4.5","1","8","8","2","15","7.5","0","0","0","5","32","6.4","1","10","10","1","7","7","1","9","9","0","0","0","3","26","8.7","4","39","9.8","20","141","7.1","35","2.8"
"전라남도교육청","전라남도교육청","전라남도 목포시","S140002323","목포인성학교","05","사립","N","","1","3","3","0","0","0","0","0","0","1","10","10","1","3","3","1","4","4","1","5","5","1","5","5","1","5","5","7","35","5","1","7","7","2","11","5.5","1","12","12","0","0","0","4","30","7.5","2","15","7.5","1","4","4","2","18","9","1","7","7","6","44","7.3","2","22","11","19","131","6.9","36","2.9"
"전라남도교육청","전라남도교육청","전라남도 순천시","S140002325","순천선혜학교","05","공립","N","","0","0","0","0","0","0","1","7","7","3","14","4.7","2","9","4.5","2","10","5","2","8","4","2","8","4","2","4","2","14","60","4.3","2","12","6","3","16","5.3","3","18","6","2","4","2","10","50","5","4","23","5.8","4","25","6.3","3","17","5.7","0","0","0","11","65","5.9","6","58","9.7","41","233","5.7","67","2.6"
"전라남도교육청","전라남도교육청","전라남도 여수시","S140002326","여수여명학교","05","공립","N","","1","3","3","1","2","2","2","10","5","2","8","4","2","8","4","3","13","4.3","1","4","4","2","8","4","1","3","3","15","59","3.9","3","15","5","2","11","5.5","2","12","6","1","2","2","8","40","5","2","12","6","2","9","4.5","3","16","5.3","2","5","2.5","9","42","4.7","6","54","9","38","195","5.1","62","2.2"
"전라남도교육청","전라남도교육청","전라남도 영암군","S140002328","은광학교","05","사립","N","","1","1","1","0","0","0","0","0","0","1","5","5","0","0","0","1","6","6","0","0","0","1","10","10","0","0","0","4","22","5.5","2","10","5","1","5","5","2","9","4.5","0","0","0","5","24","4.8","1","6","6","2","10","5","1","7","7","0","0","0","4","23","5.8","2","19","9.5","15","88","5.9","29","2.3"
"전라남도교육청","전라남도교육청","전라남도 함평군","S140002329","함평영화학교","05","사립","N","","1","5","5","0","0","0","1","4","4","1","4","4","1","5","5","1","5","5","1","6","6","1","7","7","0","0","0","7","36","5.1","1","5","5","1","4","4","1","3","3","0","0","0","3","12","4","2","11","5.5","2","12","6","1","7","7","1","4","4","6","34","5.7","2","20","10","18","102","5.7","32","2.4"
"전라남도교육청","전라남도교육청","전라남도 나주시","S140005422","나주이화학교","05","공립","N","","1","2","2","0","0","0","2","11","5.5","2","9","4.5","0","0","0","1","1","1","1","4","4","1","5","5","1","2","2","9","34","3.8","2","7","3.5","1","5","5","2","9","4.5","1","4","4","6","25","4.2","2","9","4.5","2","11","5.5","2","7","3.5","1","1","1","7","28","4","3","30","10","25","117","4.7","40","2.1"
"경상북도교육청","경상북도교육청","경상북도 영천시","S150003793","경북영광학교","05","사립","N","","0","0","0","0","0","0","1","4","4","1","4","4","1","1","1","1","2","2","1","6","6","3","14","4.7","0","0","0","8","31","3.9","2","9","4.5","3","14","4.7","3","14","4.7","0","0","0","8","37","4.6","3","18","6","2","13","6.5","4","25","6.3","0","0","0","9","56","6.2","4","40","10","29","164","5.7","51","2.4"
"경상북도교육청","경상북도교육청","경상북도 경주시","S150003794","경희학교","05","공립","N","","0","0","0","0","0","0","1","3","3","1","3","3","1","2","2","1","6","6","1","2","2","1","6","6","0","0","0","6","22","3.7","1","2","2","2","8","4","1","6","6","0","0","0","4","16","4","2","12","6","2","9","4.5","2","11","5.5","0","0","0","6","32","5.3","4","41","10.3","20","111","5.6","34","2.1"
"경상북도교육청","경상북도교육청","경상북도 구미시","S150003795","구미혜당학교","05","사립","N","","3","10","3.3","0","0","0","3","14","4.7","3","18","6","1","6","6","3","16","5.3","3","15","5","2","9","4.5","0","0","0","18","88","4.9","3","16","5.3","4","24","6","3","15","5","0","0","0","10","55","5.5","3","23","7.7","3","22","7.3","3","19","6.3","0","0","0","9","64","7.1","8","86","10.8","45","293","6.5","72","2.7"
"경상북도교육청","경상북도교육청","경상북도 상주시","S150003796","상희학교","05","공립","N","","2","7","3.5","0","0","0","1","4","4","1","6","6","1","2","2","1","3","3","1","1","1","1","3","3","0","0","0","8","26","3.3","1","5","5","1","4","4","2","8","4","0","0","0","4","17","4.3","2","11","5.5","2","14","7","2","11","5.5","0","0","0","6","36","6","4","34","8.5","22","113","5.1","39","1.8"
"경상북도교육청","경상북도교육청","경상북도 안동시","S150003797","안동영명학교","05","사립","N","","2","8","4","0","0","0","2","7","3.5","2","8","4","1","3","3","2","8","4","3","12","4","2","11","5.5","0","0","0","14","57","4.1","3","14","4.7","3","15","5","3","16","5.3","0","0","0","9","45","5","3","17","5.7","2","14","7","3","20","6.7","0","0","0","8","51","6.4","7","65","9.3","38","218","5.7","62","2.3"
"경상북도교육청","경상북도교육청","경상북도 안동시","S150003798","안동진명학교","05","사립","N","","5","17","3.4","0","0","0","2","5","2.5","2","8","4","2","10","5","2","4","2","2","5","2.5","2","10","5","0","0","0","17","59","3.5","3","14","4.7","3","4","1.3","3","20","6.7","0","0","0","9","38","4.2","3","17","5.7","3","17","5.7","3","23","7.7","0","0","0","9","57","6.3","4","38","9.5","39","192","4.9","53","2.6"
"경상북도교육청","경상북도교육청","경상북도 포항시 북구","S150003801","포항명도학교","05","사립","N","","0","0","0","0","0","0","1","4","4","2","8","4","3","9","3","3","16","5.3","1","6","6","2","9","4.5","0","0","0","12","52","4.3","3","13","4.3","3","14","4.7","2","8","4","0","0","0","8","35","4.4","2","14","7","3","19","6.3","3","15","5","0","0","0","8","48","6","8","82","10.3","36","217","6","60","2.3"
"경상북도교육청","경상북도교육청","경상북도 경산시","S150006368","경산자인학교","05","공립","N","","1","1","1","0","0","0","1","6","6","3","13","4.3","1","1","1","3","15","5","2","8","4","3","17","5.7","0","0","0","14","61","4.4","3","14","4.7","2","9","4.5","2","10","5","0","0","0","7","33","4.7","2","12","6","3","17","5.7","1","8","8","0","0","0","6","37","6.2","2","21","10.5","29","152","5.2","49","2.7"
"경상북도교육청","경상북도교육청","경상북도 포항시 북구","S150006378","한동글로벌학교","05","사립","Y","본교는 해당항목에 대해서 통계자료가 없으므로 제외함.","0","0","0","0","0","0","0","0","0","0","0","0","0","0","0","0","0","0","0","0","0","0","0","0","0","0","0","0","0","0","0","0","0","0","0","0","0","0","0","0","0","0","0","0","0","0","0","0","0","0","0","0","0","0","0","0","0","0","0","0","0","0","0","0","0","","0","0"
"경상남도교육청","경상남도교육청","경상남도 거제시","S160003069","거제애광학교","05","사립","N","","2","6","3","0","0","0","2","8","4","3","13","4.3","2","8","4","1","5","5","1","4","4","2","8","4","2","6","3","15","58","3.9","3","13","4.3","1","5","5","2","11","5.5","1","2","2","7","31","4.4","1","7","7","2","13","6.5","2","11","5.5","2","11","5.5","7","42","6","2","19","9.5","31","150","4.8","44","2.8"
"경상남도교육청","경상남도교육청","경상남도 의령군","S160003071","경남은광학교","05","공립","N","","0","0","0","0","0","0","0","0","0","1","3","3","0","0","0","1","3","3","1","3","3","1","2","2","0","0","0","4","11","2.8","1","2","2","1","5","5","2","8","4","0","0","0","4","15","3.8","2","5","2.5","2","11","5.5","2","11","5.5","0","0","0","6","27","4.5","4","31","7.8","18","84","4.7","29","1.8"
"경상남도교육청","경상남도교육청","경상남도 김해시","S160003072","김해은혜학교","05","공립","N","","1","4","4","0","0","0","2","7","3.5","2","9","4.5","3","13","4.3","3","13","4.3","2","11","5.5","3","14","4.7","1","4","4","17","75","4.4","4","21","5.3","3","16","5.3","3","17","5.7","1","2","2","11","56","5.1","3","20","6.7","3","18","6","4","21","5.3","0","0","0","10","59","5.9","6","54","9","44","244","5.5","68","2.7"
"경상남도교육청","경상남도교육청","경상남도 창원시 성산구","S160003073","창원천광학교","05","공립","N","","1","5","5","0","0","0","3","11","3.7","2","10","5","4","18","4.5","2","6","3","2","11","5.5","4","21","5.3","2","4","2","20","86","4.3","3","13","4.3","3","14","4.7","4","16","4","1","2","2","11","45","4.1","5","24","4.8","3","16","5.3","3","18","6","0","0","0","11","58","5.3","6","44","7.3","48","233","4.9","73","2.5"
"경상남도교육청","경상남도교육청","경상남도 창원시 마산회원구","S160003074","경남혜림학교","05","공립","N","","1","3","3","0","0","0","2","9","4.5","3","13","4.3","3","15","5","2","10","5","3","15","5","2","10","5","3","12","4","19","87","4.6","4","23","5.8","4","22","5.5","3","13","4.3","1","4","4","12","62","5.2","4","24","6","5","32","6.4","6","36","6","1","6","6","16","98","6.1","6","53","8.8","53","300","5.7","87","2.8"
"경상남도교육청","경상남도교육청","경상남도 진주시","S160003081","진주혜광학교","05","공립","N","","0","0","0","0","0","0","1","5","5","2","7","3.5","1","4","4","2","8","4","2","7","3.5","1","5","5","2","2","1","11","38","3.5","3","17","5.7","2","10","5","4","19","4.8","0","0","0","9","46","5.1","3","20","6.7","3","16","5.3","4","21","5.3","1","2","2","11","59","5.4","8","71","8.9","39","214","5.5","63","2.3"
"경상남도교육청","경상남도교육청","경상남도 통영시","S160003410","통영잠포학교","05","공립","N","","0","0","0","0","0","0","1","2","2","2","7","3.5","1","5","5","1","2","2","1","4","4","0","0","0","1","3","3","7","23","3.3","2","7","3.5","2","7","3.5","2","10","5","0","0","0","6","24","4","2","8","4","2","9","4.5","2","12","6","1","4","4","7","33","4.7","3","31","10.3","23","111","4.8","38","2.1"
"경상남도교육청","경상남도교육청","경상남도 양산시","S160003451","양산희망학교","05","공립","N","","0","0","0","0","0","0","1","6","6","3","14","4.7","2","7","3.5","1","6","6","1","4","4","1","5","5","3","7","2.3","12","49","4.1","2","11","5.5","3","15","5","3","14","4.7","1","2","2","9","42","4.7","3","18","6","2","12","6","3","19","6.3","3","9","3","11","58","5.3","4","31","7.8","36","180","5","57","2.6"
"경상남도교육청","경상남도교육청","경상남도 창원시 마산합포구","S160003863","창원동백학교","05","사립","N","","3","8","2.7","0","0","0","1","4","4","1","4","4","1","5","5","1","3","3","1","3","3","1","5","5","0","0","0","9","32","3.6","1","2","2","1","3","3","1","4","4","0","0","0","3","9","3","1","5","5","1","2","2","1","4","4","0","0","0","3","11","3.7","0","0","0","15","52","3.5","23","1.9"
"경상남도교육청","경상남도교육청","경상남도 거창군","S160003927","거창나래학교","05","공립","N","","1","3","3","0","0","0","1","4","4","0","0","0","0","0","0","1","4","4","0","0","0","0","0","0","0","0","0","3","11","3.7","2","7","3.5","1","2","2","0","0","0","0","0","0","3","9","3","1","4","4","1","2","2","0","0","0","0","0","0","2","6","3","1","10","10","9","36","4","15","1.5"
"제주특별자치도교육청","제주특별자치도교육청","제주특별자치도 제주시","S170000512","제주영지학교","05","공립","N","","1","2","2","0","0","0","2","9","4.5","2","11","5.5","3","14","4.7","2","12","6","3","15","5","3","14","4.7","3","8","2.7","19","85","4.5","1","6","6","3","15","5","3","14","4.7","2","6","3","9","41","4.6","1","5","5","4","15","3.8","3","11","3.7","2","7","3.5","10","38","3.8","3","23","7.7","41","187","4.6","61","2.7"
"제주특별자치도교육청","제주특별자치도교육청","제주특별자치도 제주시","S170000513","제주영송학교","05","사립","N","","0","0","0","0","0","0","2","7","3.5","2","9","4.5","2","11","5.5","2","7","3.5","1","6","6","2","12","6","0","0","0","11","52","4.7","2","12","6","2","11","5.5","3","13","4.3","0","0","0","7","36","5.1","4","22","5.5","3","18","6","3","17","5.7","0","0","0","10","57","5.7","2","19","9.5","30","164","5.5","49","3"
"제주특별자치도교육청","제주특별자치도교육청","제주특별자치도 서귀포시","S170000790","서귀포온성학교","05","공립","N","","2","6","3","0","0","0","1","2","2","2","9","4.5","1","5","5","0","0","0","1","5","5","1","5","5","2","6","3","10","38","3.8","2","8","4","1","1","1","2","9","4.5","0","0","0","5","18","3.6","2","9","4.5","2","9","4.5","1","4","4","1","2","2","6","24","4","2","18","9","23","98","4.3","34","2.2"