"시도교육청","지역교육청","지역","정보공시 학교코드","학교명","학교급코드","설립구분","학교특성","분교여부","설립유형","주야구분","개교기념일","설립일","법정동코드","주소내역","상세주소내역","우편번호","학교도로명 우편번호","학교도로명 주소","학교도로명 상세주소","위도","경도","전화번호","팩스번호","홈페이지 주소","남녀공학 구분"
"서울특별시교육청","교육부","서울특별시 종로구","S000003545","서울농학교","05","국립","","N","단설","주간","19130401","19130401","1111010200","서울특별시 종로구 신교동","1-1.","110032","03032","서울특별시 종로구 필운대로 103","(신교동)","37.5856437769185","126.968774183912","02-737-0659","02-723-5848","http://seoulnong.sc.kr","남녀공학"
"서울특별시교육청","교육부","서울특별시 마포구","S000003553","한국우진학교","05","국립","","N","단설","주간","20000306","20000301","1144012600","서울특별시 마포구 중동","64-2(으뜸길 13).","121877","03934","서울특별시 마포구 월드컵북로38길 21",", 한국우진학교 (중동)","37.57155","126.9032875","02-304-6255","02-304-6256","http://woojin.sen.sc.kr","남녀공학"
"서울특별시교육청","교육부","서울특별시 종로구","S000003610","서울맹학교","05","국립","","N","단설","주간","19130401","19130401","1111010200","서울특별시 종로구 신교동","1-4번지.","03032","03032","서울특별시 종로구 필운대로 97","(신교동)","37.5847713430283","126.967760117444","02-731-6772","02-722-0845","http://bl.sen.sc.kr","남녀공학"
"서울특별시교육청","서울특별시교육청","서울특별시 송파구","S010000663","광성하늘빛학교","05","사립","","N","단설","주간","20000520","19991108","1171010300","서울특별시 송파구 풍납동","474.","138040","05511","서울특별시 송파구 올림픽로 625",", 광성하늘빛학교 (풍납동,광성교회)","37.5373813224391","127.122233916635","02-474-1004","02-474-3434","http://hanulbit.sen.sc.kr","남녀공학"
"서울특별시교육청","서울특별시교육청","서울특별시 동작구","S010000664","누리학교","05","사립","","N","단설","주간","19980516","19980429","1159010800","서울특별시 동작구 대방동","395-2번지.","156811","06954","서울특별시 동작구 상도로 53",", 누리학교 (대방동)","37.5000083800672","126.926374129956","02-8243-8888","02-813-8308","http://nuri.sen.sc.kr","남녀공학"
"서울특별시교육청","서울특별시교육청","서울특별시 강서구","S010000665","교남학교","05","사립","","N","단설","주간","19830321","19830125","1150010300","서울특별시 강서구 화곡동","960-22.","157913","07662","서울특별시 강서구 까치산로22길 38",", 교남학교 (화곡동)","37.5479696508778","126.852350722769","02-2607-2456","02-2601-8746","http://kyonam.sen.sc.kr","남녀공학"
"서울특별시교육청","서울특별시교육청","서울특별시 서초구","S010000667","다니엘학교","05","사립","","N","단설","주간","19750418","19741213","1165010900","서울특별시 서초구 내곡동","1-1328번지.","137180","06796","서울특별시 서초구 헌릉로468길 21-16","(내곡동,다니엘학교)","37.4601634514901","127.092318046838","02-445-9435","02-445-9439","daniel.sen.sc.kr","남녀공학"
"서울특별시교육청","서울특별시교육청","서울특별시 강남구","S010000669","밀알학교","05","사립","","N","단설","주간","19970310","19970301","1168011400","서울특별시 강남구 일원동","713번지.","135230","06350","서울특별시 강남구 일원로 90","(일원동,밀알학교)","37.485910","127.082210","02-3412-1133","02-6958-3777","http://miral.sen.sc.kr","남녀공학"
"서울특별시교육청","서울특별시교육청","서울특별시 관악구","S010000670","서울새롬학교","05","사립","","N","단설","주간","19690728","19690728","1162010100","서울특별시 관악구 봉천동","722-19번지.","151831","08709","서울특별시 관악구 보라매로 44",", 새롬학교 (봉천동)","37.4931685563855","126.927371419213","02-840-3535","02-884-4832","http://saerom.sen.sc.kr","남녀공학"
"서울특별시교육청","서울특별시교육청","서울특별시 광진구","S010000671","서울광진학교","05","공립","","N","단설","주간","19990115","19990115","1121510300","서울 광진구 구의동","587-52.","05048","05048","서울특별시 광진구 강변역로 18",", 서울광진학교 (구의동, 서울광진학교)","37.5373788","127.0918574","02-6715-9001","02-6715-9003","http://kwangjin.sen.sc.kr","남녀공학"
"서울특별시교육청","서울특별시교육청","서울특별시 노원구","S010000673","서울동천학교","05","사립","","N","단설","주간","19800521","19791212","1135010400","서울특별시 노원구 하계동","288-1번지.","139231","01747","서울특별시 노원구 노원로18길 41",", 서울동천학교 (하계동)","37.6445139778851","127.072925250226","02-974-9576","02-978-4287","http://dongchun.sen.sc.kr","남녀공학"
"서울특별시교육청","서울특별시교육청","서울특별시 동작구","S010000676","서울삼성학교","05","사립","","N","단설","주간","19830418","19830303","1159010200","서울특별시 동작구 상도동","212-128번지.","156841","07035","서울특별시 동작구 양녕로30길 19-4","(상도동, 서울삼성학교)","37.4991975693025","126.946672030808","02-823-7430","02-823-3815","http://samsung.sen.sc.kr","남녀공학"
"서울특별시교육청","서울특별시교육청","서울특별시 강북구","S010000677","서울애화학교","05","사립","","N","단설","주간","19760526","19751201","1130510100","서울특별시 강북구 미아3동","124-2번지.","142807","01157","서울특별시 강북구 솔매로52길 31",", 서울애화학교 (미아동)","37.6251942316609","127.02887255616","02-987-5161","02-985-5579","http://aewha.sen.sc.kr","남녀공학"
"서울특별시교육청","서울특별시교육청","서울특별시 도봉구","S010000678","서울인강학교","05","사립","","N","단설","주간","19710309","19710302","1132010800","서울특별시 도봉구 도봉동","381-1번지.","01301","01301","서울특별시 도봉구 평화로15번길 9-25","(도봉동,사회복지법인 인강원)","37.69","127.04","02-955-0523","02-955-0525","http://dosol.sen.sc.kr","남녀공학"
"서울특별시교육청","서울특별시교육청","서울특별시 관악구","S010000679","서울정문학교","05","공립","","N","단설","주간","19970301","19960115","1162010200","서울특별시 관악구 신림동","673-82번지(난향2길 19).","151885","08859","서울특별시 관악구 난향3길 31","(신림동)","37.4","126.9","02-869-7188","02-851-0030","http://jeongmun.sen.sc.kr","남녀공학"
"서울특별시교육청","서울특별시교육청","서울특별시 노원구","S010000680","서울정민학교","05","공립","","N","단설","주간","20010928","20001125","1135010400","서울특별시 노원구 하계동","153-1번지.","","01810","서울특별시 노원구 공릉로58길 24","(하계동, 서울정민학교)","37.6338966242083","127.07316864773","02-978-8406","02-978-8408","http://jeongmin.sen.sc.kr","남녀공학"
"서울특별시교육청","서울특별시교육청","서울특별시 강북구","S010000681","서울정인학교","05","공립","","N","단설","주간","20000503","20000115","1130510300","서울특별시 강북구 수유동","468-305번지.","142886","01095","서울특별시 강북구 인수봉로 119-20","(수유동, 정인학교)","37.630956267598","127.011922404343","02-983-4321","02-983-4006","http://jeongin.sen.sc.kr","남녀공학"
"서울특별시교육청","서울특별시교육청","서울특별시 구로구","S010000682","서울정진학교","05","공립","","N","단설","주간","19871125","19870709","1153010900","서울특별시 구로구 궁동","242번지.","152884","08259","서울특별시 구로구 부일로9길 158","(궁동, 서울정진학교)","37.498410","126.822279","02-2688-1303","02-2686-9035","http://jungjin.sen.sc.kr","남녀공학"
"서울특별시교육청","서울특별시교육청","서울특별시 구로구","S010000683","성베드로학교","05","사립","","N","단설","주간","19740523","19740523","1153011200","서울특별시 구로구 항동","1-1(항동길 7번지).","152140","08359","서울특별시 구로구 연동로 320",", 성베드로학교 (항동)","37.486634","126.825681","02-2612-6413","02-2683-3092","http://www.stpeters.sc.kr/","남녀공학"
"서울특별시교육청","서울특별시교육청","서울특별시 종로구","S010000684","수도사랑의학교","05","사립","","N","단설","주간","19981017","19980126","1111011500","서울특별시 종로구 사직동","262-57번지.","110054","03028","서울특별시 종로구 사직로7길 17",", 수도사랑의학교 (사직동)","37.5747840096571","126.965233213218","02-739-9868","02-737-1217","http://sudolove.sen.sc.kr","남녀공학"
"서울특별시교육청","서울특별시교육청","서울특별시 서대문구","S010000686","연세대학교재활학교","05","사립","","N","단설","주간","19640228","19640228","1141011400","서울특별시 서대문구 신촌동","재활학교.","120749","03722","서울특별시 서대문구 연세로 50",", 연세대학교재활학교 (신촌동)","37.5638048150545","126.942931620986","02-2123-8141","02-2123-8144","http://yonsei.sen.sc.kr","남녀공학"
"서울특별시교육청","서울특별시교육청","서울특별시 강남구","S010000688","서울정애학교","05","공립","","N","단설","주간","20000506","20000301","1168010500","서울특별시 강남구 삼성동","74-13.","135870","06086","서울특별시 강남구 봉은사로81길 16",", 서울정애학교 (삼성동)","37.5143267553112","127.054401977863","02-540-7826","02-542-0334","http://jungae.sen.sc.kr","남녀공학"
"서울특별시교육청","서울특별시교육청","서울특별시 강동구","S010000691","주몽학교","05","사립","","N","단설","주간","19850320","19850320","1174010300","서울특별시 강동구 상일동","179.","134837","05280","서울특별시 강동구 상암로 369",", 주몽학교 (상일동)","37.5461974001074","127.163374919546","070-8255-0505","02-3427-3726","http://jumong.sen.sc.kr","남녀공학"
"서울특별시교육청","서울특별시교육청","서울특별시 강동구","S010000694","한국구화학교","05","사립","","N","단설","주간","19620720","19620720","1174010200","서울특별시 강동구 고덕동","297번지.","134080","05225","서울특별시 강동구 고덕로 295-59",", 한국구화학교 (고덕동)","37.558261","127.15900799999997","02-428-0873","02-428-0872","http://kuhwa.sen.sc.kr","남녀공학"
"서울특별시교육청","서울특별시교육청","서울특별시 송파구","S010000696","한국육영학교","05","사립","","N","단설","주간","19930521","19920923","1171010900","서울특별시 송파구 장지동","848-1번지 한국육영학교.","138924","05792","서울특별시 송파구 충민로6길 15","(장지동,한국육영학교)","37.4820846386401","127.132504830713","02-431-6878","02-443-9784","http://yukyoung.sen.sc.kr","남녀공학"
"서울특별시교육청","서울특별시교육청","서울특별시 강북구","S010000697","한빛맹학교","05","사립","","N","단설","주간","19710306","19701205","1130510300","서울특별시 강북구 수유동","484-21번지.","142713","01103","서울특별시 강북구 삼양로73가길 47",", 한빛맹학교 (수유동)","37.6278924699998","127.015714633576","02-987-2023","02-987-8351","http://www.hanbit.sc.kr","남녀공학"
"서울특별시교육청","서울특별시교육청","서울특별시 은평구","S010002477","은평대영학교","05","사립","","N","단설","주간","19810312","19810312","1138010500","서울특별시 은평구 구산동","191-1.","122716","03428","서울 은평구 갈현로11길 30","(구산동,은평천사원)","37.606119","126.906109","02-357-1702","02-389-0623","http://sep.sen.sc.kr","남녀공학"
"서울특별시교육청","서울특별시교육청","서울특별시 종로구","S010002520","서울경운학교","05","공립","","N","단설","주간","20020322","20020301","1111013400","서울특별시 종로구 경운동","2.","110310","03132","서울특별시 종로구 삼일대로 454","(경운동)","37.5750623613379","126.987420878548","02-3668-5100","02-3668-5109","http://gyeongun.sen.sc.kr","남녀공학"
"서울특별시교육청","서울특별시교육청","서울특별시 성북구","S010006331","서울다원학교","05","공립","","N","단설","주간","20150901","20150901","1129010100","서울특별시 성북구 성북동",".","","02879","서울특별시 성북구 성북로31길 5-15",", 서울다원학교 (성북동)","37.594014","126.990951","070-8655-8146","02-742-6279","http://dawon.sen.sc.kr","남녀공학"
"서울특별시교육청","서울특별시교육청","서울특별시 강북구","S010006400","서울효정학교","05","사립","","N","단설","주간","20170901","20170901","1130510300","서울특별시 강북구 수유동",".","","01109","서울특별시 강북구 삼양로63길 33","(미아동)","37.627189","127.016146","02-981-2022","02-981-2029","http://hyojeong.sen.sc.kr","남녀공학"
"서울특별시교육청","서울특별시교육청","서울특별시 서초구","S010006411","서울나래학교","05","공립","","N","단설","주간","20190901","20190901","1165011000","서울특별시 서초구 염곡동",".","","06793","서울특별시 서초구 염곡안1길 25",", 서울나래학교 (염곡동, 언남초등학교)","37.4638","127.0516","02-2058-0190","02-2058-0192","http://snarae.sen.sc.kr","남녀공학"
"서울특별시교육청","서울특별시교육청","서울특별시 도봉구","S010006471","서울도솔학교","05","공립","","N","단설","주간","20190901","20190626","1132010800","서울특별시 도봉구 도봉동",".","","01301","서울특별시 도봉구 평화로15번길 9-25",", 서울도솔학교","37.694806","127.042454","02-955-0523","02-955-0525","http://dosol.sen.sc.kr","남녀공학"
"부산광역시교육청","부산광역시교육청","부산광역시 연제구","S020000563","부산동암학교","05","사립","","N","단설","주간","19800514","19800514","2647010200","부산광역시 연제구 연산동","부산동암학교.","611810","47584","부산광역시 연제구 톳고개로 50",", 부산동암학교 (연산동)","35.1809880538643","129.101828576805","051-758-1711","051-758-1716","www.dongam.sc.kr","남녀공학"
"부산광역시교육청","부산광역시교육청","부산광역시 남구","S020000569","부산구화학교","05","사립","","N","단설","주간","19700427","19700427","2629010600","부산광역시 남구 대연동","1600-26번지.","608026","48455","부산광역시 남구 수영로123번길 54",", 부산구화학교 (대연동, 부산구화학교)","35.13474812","129.079686","051-646-5700","051-646-9110","www.pskuhaw.sc.kr","남녀공학"
"부산광역시교육청","부산광역시교육청","부산광역시 동래구","S020000573","부산맹학교","05","공립","","N","단설","주간","19550919","19550919","2626010100","부산광역시 동래구 명장동","263-5번지.","607807","47750","부산광역시 동래구 충렬사로67번길 56",", 부산맹학교 (명장동, 부산맹학교)","35.2","129","051-523-0057","051-529-3392","http://www.busanmaeng.sc.kr","남녀공학"
"부산광역시교육청","부산광역시교육청","부산광역시 수영구","S020000577","부산배화학교","05","공립","","N","단설","주간","19550919","19550919","2650010100","부산광역시 수영구 망미동","787번지.","613825","48237","부산광역시 수영구 연수로310번길 73","(망미동, 부산배화학교)","35.1698338","129.1040015","051-760-2500","051-757-8548","http://baehwa.sc.kr","남녀공학"
"부산광역시교육청","부산광역시교육청","부산광역시 사하구","S020000581","부산천사의학교","05","사립","","N","단설","주간","20010120","20010120","2638010100","부산광역시 사하구 괴정동","부산천사의학교.","604082","49360","부산광역시 사하구 오작로88번길 30",", 부산천사의학교 (괴정동)","35.1007313","129.003674","051-208-9497","051-206-0026","http://www.cheonsa.sc.kr","남녀공학"
"부산광역시교육청","부산광역시교육청","부산광역시 남구","S020000582","부산혜남학교","05","공립","","N","단설","주간","19890125","19890125","2629010600","부산광역시 남구 대연동","부산혜남학교.","608026","48449","부산광역시 남구 진남로166번길 10-19","(대연동, 부산혜남학교)","35.1415060228144","129.082250178507","051-640-2600","051-637-6059","www.hyenam.sc.kr","남녀공학"
"부산광역시교육청","부산광역시교육청","부산광역시 남구","S020000586","부산혜성학교","05","공립","","N","단설","주간","19740115","19740115","2629010600","부산광역시 남구 대연동","부산혜성학교.","608026","48449","부산광역시 남구 진남로166번길 10-9",", 부산혜성학교 (대연동)","35.141830594407","129.080143272263","051-640-6700","051-637-6221","http://hyeseong-s.sc.kr","남녀공학"
"부산광역시교육청","부산광역시교육청","부산광역시 서구","S020000590","부산혜송학교","05","공립","","N","단설","주간","20000601","20000301","2614012300","부산광역시 서구 남부민동","부산혜송학교.","49263","49263","부산광역시 서구 천마로50번길 1","(남부민동)","35","129","051-600-6700","051-600-6789","www.hyesong-s.sc.kr","남녀공학"
"부산광역시교육청","부산광역시교육청","부산광역시 강서구","S020000591","부산혜원학교","05","사립","","N","단설","주간","19720701","19720524","2644010100","부산광역시 강서구 대저1동","부산혜원학교.","618803","46702","부산광역시 강서구 공항로 1319","(대저1동, 부산혜원학교)","35.215342692508","128.988614744903","051-7966-400","051-7966-445","http://hyewon-s.sc.kr","남녀공학"
"부산광역시교육청","부산광역시교육청","부산광역시 금정구","S020000596","부산은애학교","05","사립","","N","단설","주간","19980921","19980217","2641010300","부산광역시 금정구 청룡동","276-2.","609843","46201","부산광역시 금정구 청룡예전로 107","(청룡동)","35.278856","129.084728","051-508-0606","051-508-5544","http://eunae.sc.kr/","남녀공학"
"부산광역시교육청","부산광역시교육청","부산광역시 사상구","S020001869","부산솔빛학교","05","공립","","N","단설","주간","20030901","20030901","2653010100","부산광역시 사상구 삼락동","365-8번지.","617070","46908","부산광역시 사상구 삼덕로5번길 171","(삼락동, 부산솔빛학교)","35.182311","128.978694","051-319-9000","051-305-4591","http://www.solvit.sc.kr","남녀공학"
"부산광역시교육청","부산광역시교육청","부산광역시 연제구","S020001876","부산두레학교","05","사립","","N","단설","주간","20040301","20040301","2647010200","부산광역시 연제구 연산동","1030-1.","611815","47555","부산광역시 연제구 고분로123번길 13-7","(연산동, 부산두레학교)","35.1868031194782","129.095958668365","051-868-6118","051-867-0957","http://doorhe.com","남녀공학"
"부산광역시교육청","부산광역시교육청","부산광역시 기장군","S020002011","부산성우학교","05","사립","","N","단설","주간","20080422","20080130","2671025329","부산광역시 기장군 장안읍 명례리","133-1.","619951","46030","부산광역시 기장군 장안읍 대룡2길 45","(장안읍,부산성우학교)","35.374284","129.263198","051-911-1000","051-727-0845","http://sungwoo.sc.kr","남녀공학"
"부산광역시교육청","부산광역시교육청","부산광역시 강서구","S020002139","부산한솔학교","05","공립","","N","단설","주간","20130301","20130301","2644010400","부산광역시 강서구 명지동","3235-2.","618200","46765","부산광역시 강서구 명지오션시티2로 86",", 부산한솔학교 (명지동)","35.081345","128.898742","051-260-2800","051-260-2899","http://hansol.sc.kr","남녀공학"
"부산광역시교육청","부산광역시교육청","부산광역시 기장군","S020002140","부산해마루학교","05","공립","","N","단설","주간","20130301","20130301","2671025627","부산광역시 기장군 정관읍 모전리","678번지.","619960","46005","부산광역시 기장군 정관읍 모전로 23","(정관읍)","35.3","129.1","051-720-0000","051-728-7451","http://haemaru.sc.kr","남녀공학"
"대구광역시교육청","대구광역시교육청","대구광역시 수성구","S030000232","대구남양학교","05","공립","","N","단설","주간","19680709","19680709","2726011200","대구광역시 수성구 지산동","1022번지.","706842","42184","대구광역시 수성구 무학로37안길 6","(지산동, 남양학교)","35.8340048481613","128.629118114987","053-231-3008","053-765-0837","http://namyang.sc.kr","남녀공학"
"대구광역시교육청","대구광역시교육청","대구광역시 북구","S030000233","대구성보학교","05","공립","","N","단설","주간","19730220","19730220","2723011200","대구광역시 북구 복현동","312-1.","702830","41528","대구광역시 북구 동북로71길 9-45","(복현동, 대구성보학교)","35.8938476","128.6305345","053-231-3168","053-943-0556","www.sungbo.sc.kr","남녀공학"
"대구광역시교육청","대구광역시교육청","대구광역시 남구","S030001358","대구광명학교","05","사립","","N","단설","주간","19460419","19460419","2720010300","대구광역시 남구 대명동","2288 대구광명학교.","705714","42400","대구광역시 남구 성당로50길 33",", 대구광명학교 (대명동)","35.856758","128.575862","053-231-3300","053-624-5836","http://www.kwangmyung.sc.kr/","남녀공학"
"대구광역시교육청","대구광역시교육청","대구광역시 남구","S030001359","대구보명학교","05","사립","","N","단설","주간","19661226","19661226","2720010300","대구광역시 남구 대명동","2288.","705823","42400","대구광역시 남구 성당로50길 33","(대명동, 대구대학교)","35.855650","128.576108","053-231-3500","053-627-9783","http://www.bomyung.sc.kr","남녀공학"
"대구광역시교육청","대구광역시교육청","대구광역시 남구","S030001360","대구덕희학교","05","사립","","N","단설","주간","19830318","19821120","2720010300","대구광역시 남구 대명동","2288.","705714","42400","대구광역시 남구 성당로50길 33",", 대구덕희학교 (대명동)","35.856086","128.576171","053-231-3770","053-626-3061","http://www.dukhee.sc.kr/","남녀공학"
"대구광역시교육청","대구광역시교육청","대구광역시 남구","S030001427","대구보건학교","05","사립","","N","단설","주간","19661226","19661226","2720010300","대구광역시 남구 대명동","2288.","705823","42400","대구광역시 남구 성당로50길 33",", 대구보건학교 (대명동,대구대학교)","35.857196","128.575586","053-231-3541","053-626-4933","www.bogun.sc.kr","남녀공학"
"대구광역시교육청","대구광역시교육청","대구광역시 동구","S030001428","대구선명학교","05","사립","","N","단설","주간","19810629","19810629","2714014400","대구광역시 동구 덕곡동","34번지.","41000","41000","대구광역시 동구 팔공산로 225","(덕곡동)","35.9971875555701","128.613763105869","053-231-3603,3611","053-986-7056","http://smschool.sc.kr","남녀공학"
"대구광역시교육청","대구광역시교육청","대구광역시 남구","S030001573","대구영화학교","05","사립","","N","단설","주간","19460419","19460419","2720010300","대구광역시 남구 대명동","2288.","705714","42400","대구광역시 남구 성당로50길 33","(대명동)","35.856694","128.575290","053-231-3390","053-628-6629","http://www.younghwa.sc.kr","남녀공학"
"대구광역시교육청","대구광역시교육청","대구광역시 달서구","S030001937","대구세명학교","05","공립","","N","단설","주간","20141118","20140901","2729011100","대구광역시 달서구 용산동","산14번지 일원.","704130","42607","대구광역시 달서구 새방로 62","(용산동)","35.863527","128.524555","053-231-9560","053-585-2575","http://www.semyung.sc.kr","남녀공학"
"인천광역시교육청","인천광역시교육청","인천광역시 부평구","S040000309","인천성동학교","05","사립","","N","단설","주간","19561002","19551220","2823710100","인천광역시 부평구 부평동","756.","403831","21428","인천광역시 부평구 경인로 880",", 인천성동학교 (부평동)","37.4845759971843","126.718048955849","032-524-3545","032-524-3529","http://sd.icesc.kr","남녀공학"
"인천광역시교육청","인천광역시교육청","인천광역시 연수구","S040000310","인천연일학교","05","공립","","N","단설","주간","19970305","19970305","2818510300","인천광역시 연수구 연수동","580-1.","406110","21935","인천광역시 연수구 함박뫼로 208","(연수동)","37.420954","126.688259","032-816-6472","032-817-3583","http://www.yonil.icesc.kr/","남녀공학"
"인천광역시교육청","인천광역시교육청","인천광역시 부평구","S040000311","인천예림학교","05","사립","","N","단설","주간","19740311","19740311","2823710100","인천광역시 부평구 부평동","633.","403016","21425","인천광역시 부평구 동수로 87","(부평동)","37.4856850709954","126.728406311384","032-502-0804","032-528-6322","http://yerim.icesc.kr/","남녀공학"
"인천광역시교육청","인천광역시교육청","인천광역시 부평구","S040000313","인천은광학교","05","사립","","N","단설","주간","19810311","19801204","2823710700","인천광역시 부평구 부개동","257.","403810","21421","인천광역시 부평구 마분로 8","(부개동)","37.4850879367471","126.736870393654","032-503-8932","032-627-9349","http://ek.icesc.kr","남녀공학"
"인천광역시교육청","인천광역시교육청","인천광역시 계양구","S040000314","인천인혜학교","05","공립","","N","단설","주간","19920305","19920305","2824512300","인천광역시 계양구 장기동","6-107.","407470","21007","인천광역시 계양구 장제로 1304","(장기동)","37.578374","126.732237","032-518-8552","032-515-7183","http://inhye.icesc.kr/","남녀공학"
"인천광역시교육청","인천광역시교육청","인천광역시 부평구","S040000315","인천혜광학교","05","사립","","N","단설","주간","19610403","19610403","2823710200","인천광역시 부평구 십정동","576.","403130","21435","인천광역시 부평구 경인로769번길 27",", 인천혜광학교 (십정동)","37.4762736","126.7056366","032-522-8345","032-516-2516","www.ichk.icesc.kr","남녀공학"
"인천광역시교육청","인천광역시교육청","인천광역시 남동구","S040001819","미추홀학교","05","공립","","N","단설","주간","20080605","20080301","2820010300","인천광역시 남동구 만수동","2-82.","405240","21521","인천광역시 남동구 수현로136번길 16","(만수동)","37.4648585697508","126.740151538654","032-473-0176","032-473-0180","http://mch.icesc.kr","남녀공학"
"인천광역시교육청","인천광역시교육청","인천광역시 남동구","S040002245","인천청선학교","05","공립","","N","단설","주간","20170301","20170301","2820010300","인천광역시 남동구 만수동",".","","21591","인천광역시 남동구 인주대로914번길 16","(만수동)","37.447681","126.738372","032-340-8445","032-468-3504","http://ics.icesc.kr","남녀공학"
"인천광역시교육청","인천광역시교육청","인천광역시 남구","S040002258","인천청인학교","05","공립","","N","단설","주간","20180607","20180301","2817010500","인천광역시 남구 도화동",".","","22100","인천광역시 미추홀구 숙골로135번길 14","(도화동, 인천청인학교)","37.474919","126.658757","032-458-9250","032-764-7011","http://ici.icesc.kr","남녀공학"
"광주광역시교육청","광주광역시교육청","광주광역시 광산구","S050000640","광주선광학교","05","공립","","N","단설","주간","19860120","19860120","2920011900","광주광역시 광산구 신가동","303.","506307","62301","광주광역시 광산구 목련로394번길 60-3",", 광주선광학교 (신가동)","35.1827994","126.8364372","062-950-9107","062-716-2206","http://www.sunkwang.sc.kr","남녀공학"
"광주광역시교육청","광주광역시교육청","광주광역시 남구","S050000641","광주선명학교","05","공립","","N","단설","주간","19781021","19780429","2915510600","광주광역시 남구 주월동","446-1.","503310","61733","광주광역시 남구 서문대로749번마길 2","(주월동,선명학교)","35.125941","126.892549","062-650-9750","062-653-4420","http://sunmyong.gen.sc.kr/","남녀공학"
"광주광역시교육청","광주광역시교육청","광주광역시 서구","S050000642","광주세광학교","05","사립","","N","단설","주간","19540701","19540701","2914011700","광주광역시 서구 덕흥동","953-2.","502290","61900","광주광역시 서구 유덕로 177","(덕흥동,광주세광학교)","35.168443","126.836","062-606-0401","062-606-0429","http://www.sekwang.sc.kr","남녀공학"
"광주광역시교육청","광주광역시교육청","광주광역시 북구","S050000645","은혜학교","05","사립","","N","단설","주간","19820927","19820927","2917014100","광주광역시 북구 오룡동","479-2번지(첨단강변로 299).","500480","61005","광주광역시 북구 앰코로 127","(오룡동)","35.2327923","126.848921","062-970-9900","062-970-9840","http://eunhae.gen.sc.kr/","남녀공학"
"광주광역시교육청","광주광역시교육청","광주광역시 북구","S050001274","광주선우학교","05","공립","","N","단설","주간","20130301","20130301","2917012700","광주광역시 북구 일곡동","482-7.","500160","61029","광주광역시 북구 모룡대길 61","(일곡동, 선우학교)","35.2162357","126.8938706","062-712-6900","062-712-6997","http://seonu.gen.sc.kr","남녀공학"
"대전광역시교육청","대전광역시교육청","대전광역시 동구","S060000160","대전맹학교","05","공립","","N","단설","주간","19530414","19530414","3011010500","대전광역시 동구 가오동","171-1.","300050","34680","대전광역시 동구 은어송로 95","(가오동)","36.308867","127.4587689","042-285-5002","042-285-5010","http://blsc.djsch.kr","남녀공학"
"대전광역시교육청","대전광역시교육청","대전광역시 동구","S060000161","대전혜광학교","05","공립","","N","단설","주간","19950602","19950602","3011010500","대전광역시 동구 가오동","171-1번지.","300050","34680","대전광역시 동구 은어송로 111","(가오동,대전혜광학교)","36.3","127.4","042-280-0121","042-285-0255","hyekwangsc.djsch.kr","남녀공학"
"대전광역시교육청","대전광역시교육청","대전광역시 유성구","S060000162","대전성세재활학교","05","사립","","N","단설","주간","19670602","19670602","3020010400","대전광역시 유성구 용계동","319-3.","305363","34218","대전광역시 유성구 유성대로298번길 175","(용계동 319-3)","36.3216925","127.3210657","042-540-3400","042-540-3499","http://sungsesc.djsch.kr","남녀공학"
"대전광역시교육청","대전광역시교육청","대전광역시 대덕구","S060000163","대전원명학교","05","사립","","N","단설","주간","19621123","19621123","3023010200","대전광역시 대덕구 대화동","39-1.","34371","34371","대전광역시 대덕구 대화1길 2","(대화동,천성원)","36.3667834","127.4130158","042-349-7770","042-349-7709","http://wonmyeongsc.djsch.kr","남녀공학"
"대전광역시교육청","대전광역시교육청","대전광역시 서구","S060001246","대전가원학교","05","공립","","N","단설","주간","20120301","20120301","3017011400","대전광역시 서구 가수원동","841.","302802","35366","대전광역시 서구 계백로 1095",", 대전가원학교 (가수원동)","36.304481","127.345514","042-545-7788","042-545-8620","http://gawonsc.djsch.kr","남녀공학"
"울산광역시교육청","울산광역시교육청","울산광역시 북구","S070000078","메아리학교","05","사립","","N","단설","주간","19810912","19801211","3120010600","울산광역시 북구 중산동","492-2번지.","683809","44213","울산광역시 북구 갓안1길 8","(중산동)","35.6659346","129.34038","052-295-2696","052-295-4322","http://www.meary.sc.kr","남녀공학"
"울산광역시교육청","울산광역시교육청","울산광역시 북구","S070000079","태연학교","05","사립","","N","부속","주간","19880315","19880128","3120011500","울산광역시 북구 대안동","156번지.","683240","44232","울산광역시 북구 대안4길 60","(대안동, 태연학원)","35.657762","129.419103","052-298-3703","052-298-1814","http://www.taeyoun.sc.kr","남녀공학"
"울산광역시교육청","울산광역시교육청","울산광역시 중구","S070000574","울산혜인학교","05","공립","","N","단설","주간","20080301","20080301","3111011700","울산광역시 중구 약사동","527 번지.","681430","44431","울산광역시 중구 북부순환도로 777",", 울산혜인학교 (약사동)","35.5742929","129.3372945","052-283-8105","052-283-8040","http://www.hyein.sc.kr","남녀공학"
"울산광역시교육청","울산광역시교육청","울산광역시 울주군","S070000705","울산행복학교","05","공립","","N","단설","주간","20140403","20140301","3171025300","울산광역시 울주군 언양읍","520 번지.","689805","44936","울산광역시 울주군 언양읍 언양로 594","(언양읍, 울산행복학교)","35.5570158","129.1832884","052-255-5800","052-254-2211","http://www.haengbok.sc.kr","남녀공학"
"세종특별자치시교육청","세종특별자치시교육청","세종특별자치시 세종특별자치시","S080000148","세종누리학교","05","공립","일반고등학교","N","단설","주간","20150901","20150901","3611011200","세종특별자치시 고운동",".","","30062","세종특별자치시  만남로 326-14","(고운동, 세종누리학교)","36.520799","127.243418","044-410-2100","044-410-2196","http://sjnuri.sjeduhs.kr","남녀공학"
"경기도교육청","경기도교육청","경기도 고양시 일산동구","S000003551","한국경진학교","05","국립","","N","부설","주간","19970227","19970227","4128510500","경기도 고양시 일산동구 마두동","808.","410350","10408","경기도 고양시 일산동구 일산로 341","(마두동, 한국경진학교)","37.6653507","126.7821025","031-931-7801","031-931-7802","http://www.kj.sc.kr","남녀공학"
"경기도교육청","경기도교육청","경기도 안산시 상록구","S000003552","한국선진학교","05","국립","","N","단설","주간","19900424","19900301","4127110400","경기도 안산시 상록구 본오동","723-2.","426180","15568","경기도 안산시 상록구 이호로 113",", 한국선진학교 (본오동)","37.2877509","126.8687524","031-409-1224","031-409-1223","http://seonjin.sc.kr/","남녀공학"
"경기도교육청","경기도교육청","경기도 평택시","S090004123","에바다학교","05","사립","","N","단설","주간","19860301","19860301","4122031031","경기도 평택시 진위면 하북리","72.","451860","17714","경기도 평택시 진위면 하북4길 129-23",", 에바다학교 (진위면)","37.1126732","127.0662446","031-611-9342","031-611-9347","www.ebada.sc.kr","남녀공학"
"경기도교육청","경기도교육청","경기도 평택시","S090004462","동방학교","05","사립","","N","단설","주간","19870305","19861218","4122012300","경기도 평택시 소사동","106-1.","450080","17877","경기도 평택시 소사1길 33","(소사동)","36.9899605","127.1289617","031-651-1274","031-651-1270","www.dongbang.sc.kr","남녀공학"
"경기도교육청","경기도교육청","경기도 광주시","S090004464","동현학교","05","사립","","N","단설","주간","19970617","19970302","4161025932","경기도 광주시 곤지암읍 연곡리","81-3.","464875","12722","경기도 광주시 곤지암읍 광여로 555-55","(곤지암읍)","37.3719785","127.395143","031-764-0982","031-764-0984","www.donghyun.sc.kr","남녀공학"
"경기도교육청","경기도교육청","경기도 고양시 덕양구","S090004465","명현학교","05","사립","","N","단설","주간","19700219","19700219","4128111100","경기도 고양시 덕양구 삼송동","99-11.","412080","10555","경기도 고양시 덕양구 세솔로 138",", 명현학교 (삼송동)","37.6565744472126","126.884171090067","02-381-8029","02-381-5117","www.myhy.sc.kr","남녀공학"
"경기도교육청","경기도교육청","경기도 안산시 상록구","S090004466","명혜학교","05","사립","","N","단설","주간","19820310","19811113","4127110300","경기도 안산시상록구 사동","1273번지.","426825","15627","경기도 안산시 상록구 해안로 865","(사동, 명혜학교)","37.2834889","126.8402396","031-406-1137","031-407-4147","www.myhe.sc.kr","남녀공학"
"경기도교육청","경기도교육청","경기도 고양시 일산서구","S090004467","밝은학교","05","사립","","N","단설","주간","19971111","19971111","4128710800","경기도 고양시 일산서구 법곳동","438-1.","10220","10220","경기도 고양시 일산서구 대화로37번길 104-9","(법곳동,밝은학교)","37.667430","126.721580","031-911-7060","031-911-7040","www.bgn.sc.kr","남녀공학"
"경기도교육청","경기도교육청","경기도 부천시","S090004468","부천혜림학교","05","사립","","N","단설","주간","19770322","19770322","4119011100","경기도 부천시 심곡본동","523-99.","14753","14753","경기도 부천시 경인로304번길 26","(심곡본동)","37.4810096","126.7887125","032-664-7995","032-664-7994","www.hl.sc.kr","남녀공학"
"경기도교육청","경기도교육청","경기도 파주시","S090004469","새얼학교","05","사립","","N","단설","주간","19840305","19840104","4148025630","경기도 파주시 법원읍 금곡리","414.","10806","10806","경기도 파주시 법원읍 술이홀로1333번길 69-1","(법원읍)","37.8820846","126.8749148","031-958-7003","031-958-5355","www.saeul.sc.kr","남녀공학"
"경기도교육청","경기도교육청","경기도 하남시","S090004472","성광학교","05","사립","","N","단설","주간","19840228","19840228","4145010100","경기도 하남시 천현동","390.","12963","12963","경기도 하남시 신장로55번길 71","(천현동,성광학교)","37.5","127.2","031-791-8181","031-793-0007","sksk.org","남녀공학"
"경기도교육청","경기도교육청","경기도 성남시 수정구","S090004473","성남혜은학교","05","공립","","N","단설","주간","20130920","19820721","4113110400","경기도 성남시수정구 단대동","192번지.","461801","13145","경기도 성남시 수정구 희망로518번길 8",", 성남혜은학교 (단대동)","37.4502789","127.154025","031-734-5022","031-733-8973","www.hyeeun.sc.kr","남녀공학"
"경기도교육청","경기도교육청","경기도 오산시","S090004474","성심학교","05","사립","","N","단설","주간","19811113","19811113","4137011400","경기도 오산시 지곶동","559-1번지.","447250","18102","경기도 오산시 독산성로 140-24","(지곶동,성심학교)","37.1767795","127.0175548","031-370-7930","031-370-7940","www.seongsim.sc.kr","남녀공학"
"경기도교육청","경기도교육청","경기도 성남시 분당구","S090004475","성은학교","05","공립","","N","단설","주간","19950506","19950301","4113510700","경기도 성남시 분당구 야탑동","172.","463070","13508","경기도 성남시 분당구 돌마로 866","(야탑동, 성은학교)","37.4093009","127.1446472","031-706-6983","031-704-1084","https://www.sbse.sc.kr","남녀공학"
"경기도교육청","경기도교육청","경기도 수원시 장안구","S090004477","수원서광학교","05","사립","","N","단설","주간","19620301","19620301","4111113100","경기도 수원시 장안구 이목동","130번지.","16210","16210","경기도 수원시 장안구 장안로 517","(이목동,수원서광학교)","37.3","126.9","031-256-8005","031-252-8005","www.seokwang.sc.kr","남녀공학"
"경기도교육청","경기도교육청","경기도 광주시","S090004483","인덕학교","05","사립","","N","단설","주간","19850215","19850215","4161010500","경기도 광주시 탄벌동","674-1.","464100","12748","경기도 광주시 사기막길95번길 59",", 인덕학교 (탄벌동)","37.4140852","127.2256142","031-763-6182-7","031-763-6188","www.induk.sc.kr","남녀공학"
"경기도교육청","경기도교육청","경기도 수원시 권선구","S090004484","자혜학교","05","사립","","N","단설","주간","19721130","19721130","4111313300","경기도 수원시 권선구 탑동","508-6.","16610","16610","경기도 수원시 권선구 수봉로 47","(탑동,자혜학교)","37.2654126","126.977333","031-293-6682","031-298-6683","www.jh.sc.kr","남녀공학"
"경기도교육청","경기도교육청","경기도 양평군","S090004486","창인학교","05","사립","","N","단설","주간","19990301","19981216","4183036025","경기도 양평군 단월면 덕수리","213-2.","476851","12528","경기도 양평군 단월면 백동길 92",", 창인학교 (단월면)","37.5451801","127.6827716","031-774-7905,7955","031-774-6898","www.changin.or.kr","남녀공학"
"경기도교육청","경기도교육청","경기도 광주시","S090004489","한사랑학교","05","사립","","N","단설","주간","19961226","19961226","4161025328","경기도 광주시 초월읍 신월리","333번지.","464864","12729","경기도 광주시 초월읍 산수로554번길 59-12","한사랑학교 (초월읍)","37.4114519","127.3143459","031-762-4891","031-762-4894","www.hsr.sc.kr","남녀공학"
"경기도교육청","경기도교육청","경기도 화성시","S090004490","한우리학교","05","사립","","N","단설","주간","20010105","20010105","4159041024","경기도 화성시 정남면 관항리","338-6.","445963","18520","경기도 화성시 정남면 관항길 243","(정남면, 한우리학교)","37.180793","126.961988","031-352-3090","031-352-3091","www.hwr.sc.kr","남녀공학"
"경기도교육청","경기도교육청","경기도 화성시","S090004491","해원학교","05","사립","","N","단설","주간","19991221","19991221","4159037021","경기도 화성시 장안면 어은리","300번지.","18584","18584","경기도 화성시 장안면 은골길30번길 43","(장안면, 해원학교)","37.090326","126.836549","031-351-0805","031-351-0807","www.haewon.sc.kr","남녀공학"
"경기도교육청","경기도교육청","경기도 고양시 일산서구","S090004493","홀트학교","05","사립","","N","단설","주간","19750305","19750305","4128710300","경기도 고양시일산서구 탄현동","41-1.","411320","10249","경기도 고양시 일산서구 탄현로 42","(탄현동)","37.6947513","126.7732","031-915-2913","031-915-2910","www.holt.sc.kr","남녀공학"
"경기도교육청","경기도교육청","경기도 의정부시","S090004495","희망학교","05","사립","","N","단설","주간","20001101","20001101","4115011100","경기도 의정부시 녹양동","386-4.","480826","11606","경기도 의정부시 진등로11번길 9-2","(녹양동, 희망학교)","37.759038","127.031730","031-829-8512","031-829-8513","www.huimang.or.kr","남녀공학"
"경기도교육청","경기도교육청","경기도 안양시 만안구","S090004939","안양해솔학교","05","공립","","N","단설","주간","20040301","20040301","4117110200","경기도 안양시 만안구 석수동","1-3.","13910","13910","경기도 안양시 만안구 호암로30번길 61","(석수동, 안양해솔학교)","37.4348429","126.9130125","031-471-5824","031-471-7568","www.haesol.sc.kr/","남녀공학"
"경기도교육청","경기도교육청","경기도 부천시","S090005171","부천상록학교","05","공립","","N","단설","주간","20050301","20050301","4119010300","경기도 부천시 춘의동","246번지.","420859","14655","경기도 부천시 길주로 574","(춘의동, 부천특수학교)","37.5060468","126.8058286","032-678-2811","032-678-2816","www.sangrok.sc.kr","남녀공학"
"경기도교육청","경기도교육청","경기도 남양주시","S090005598","경은학교","05","공립","","N","단설","주간","20080301","20080301","4136031023","경기도 남양주시 별내면 광전리","145-5.","472811","12090","경기도 남양주시 별내면 송산로 679",", 6 (별내면)","37.699695","127.122400","031-575-3668","031-575-0989","http://ge-s.sc.kr/","남녀공학"
"경기도교육청","경기도교육청","경기도 용인시 기흥구","S090006117","용인강남학교","05","사립","","N","단설","주간","20110426","20101231","4146311700","경기도 용인시 기흥구 상하동","520.","446518","16979","경기도 용인시 기흥구 강남동로140번길 1-7","(상하동)","37.277167","127.135931","031-899-2114","031-899-2115","http://www.kangnam.sc.kr","남녀공학"
"경기도교육청","경기도교육청","경기도 안성시","S090006118","한길학교","05","사립","","N","단설","주간","20120413","20120216","4155042024","경기도 안성시 고삼면 가유리","337.","456921","17505","경기도 안성시 고삼면 고삼호수로 31-25","(고삼면,한길학교)","37","127.2","031-675-6666","031-677-2127","http://www.hgjob.org","남녀공학"
"경기도교육청","경기도교육청","경기도 파주시","S090006625","자운학교","05","공립","","N","단설","주간","20110504","20110224","4148011700","경기도 파주시 목동동","43-5.","413110","10900","경기도 파주시 교하로 220",", 자운학교","37.7","126.7","031-935-8120","031-935-8133","http://www.jaun.sc.kr","남녀공학"
"경기도교육청","경기도교육청","경기도 김포시","S090006697","새솔학교","05","공립","","N","병설","주간","20140501","20140301","4157010400","경기도 김포시 장기동",",1888-23.","415805","10086","경기도 김포시 김포한강3로 315",", 새솔학교 (장기동)","37.6405658","126.6558106","031-999-9110","031-986-9263","http://saesol.sc.kr","남녀공학"
"경기도교육청","경기도교육청","경기도 의정부시","S090006796","송민학교","05","공립","","N","단설","주간","20130628","20130104","4115010600","경기도 의정부시 민락동","351-2.","480860","11814","경기도 의정부시 민락로 262","(민락동)","37.745655","127.107170","031-852-7811","031-852-7820","http://www.songmin.sc.kr","남녀공학"
"경기도교육청","경기도교육청","경기도 수원시 영통구","S090006797","아름학교","05","공립","","N","단설","주간","20130624","20130104","4111710300","경기도 수원시 영통구 이의동","1364.","443270","16495","경기도 수원시 영통구 광교로 32",", 아름학교 (이의동)","37.285000","127.039700","070-4423-9700","031-216-5243","http://www.areum.sc.kr/","남녀공학"
"경기도교육청","경기도교육청","경기도 양주시","S090006910","양주도담학교","05","공립","","N","단설","주간","20180901","20180901","4163011400","경기도 양주시 옥정동",".","","11469","경기도 양주시 옥정서로5길 121",", 양주도담학교 (옥정동)","37.834472","127.080608","031-839-6200","0318596565","http://www.yangjudodam.sc.kr","남녀공학"
"경기도교육청","경기도교육청","경기도 이천시","S090006922","다원학교","05","공립","","N","단설","주간","20160607","20160301","4150025321","경기도 이천시 부발읍 무촌리",".","","17324","경기도 이천시 부발읍 부발중앙로46번길 21","(부발읍)","37.278396","127.486869","031-645-6601","031-632-2680","http://www.icdawon.sc.kr/","남녀공학"
"경기도교육청","경기도교육청","경기도 화성시","S090006923","화성나래학교","05","공립","","N","단설","주간","20160501","20160301","4159013500","경기도 화성시 산척동",".","","18489","경기도 화성시 동탄대로10길 11",", 화성나래학교 (산척동)","37.1761738","127.1067197","031-8055-7600","031-377-9703","http://www.hsnarae.sc.kr","남녀공학"
"경기도교육청","경기도교육청","경기도 광주시","S090007251","광주새롬학교","05","사립","","N","단설","주간","20170612","20170301","4161025329","경기도 광주시 초월읍 지월리",".","","12728","경기도 광주시 초월읍 경수길 25","(초월읍)","37.419525","127.287098","031-799-3949","031-799-3959","http://gjsaerom.sc.kr","남녀공학"
"강원도교육청","강원도교육청","강원도 춘천시","S100002518","강원명진학교","05","사립","","N","단설","주간","19540813","19540813","4211011800","강원도 춘천시 우두동","399-5.","200939","24228","강원도 춘천시 충열로 60","(우두동, 강원명진학교)","37.899177","127.734553","033-253-3011","033-256-3549","www.mj.sc.kr","남녀공학"
"강원도교육청","강원도교육청","강원도 춘천시","S100002520","춘천계성학교","05","공립","","N","단설","주간","19760310","19760310","4211012000","강원도 춘천시 후평동","21-2번지.","200955","24286","강원도 춘천시 후만로24번길 45","(후평동, 춘천계성학교)","37.8712987","127.7519625","033-256-4652","033-256-4654","http://kds76.gwe.sc.kr","남녀공학"
"강원도교육청","강원도교육청","강원도 춘천시","S100002522","춘천동원학교","05","공립","","N","단설","주간","19811020","19811020","4211025022","강원도 춘천시 신북읍 천전리","70-2 번지.","200824","24204","강원도 춘천시 신북읍 상천1길",", 31 (신북읍)","37.931776","127.788313","033-242-6119","033-241-6125","http://dongwon.gwe.sc.kr","남녀공학"
"강원도교육청","강원도교육청","강원도 강릉시","S100002530","강릉오성학교","05","공립","","N","단설","주간","19850214","19850214","4215011400","강원도 강릉시 송정동","306-6 번지.","210140","25557","강원도 강릉시 송정길 43",", 강릉오성학교 (송정동)","37.7787714","128.9315135","033-820-5090","033-653-3566","http://knose.gwe.sc.kr/","남녀공학"
"강원도교육청","강원도교육청","강원도 원주시","S100002536","원주청원학교","05","공립","","N","단설","주간","19841231","19841231","4213011000","강원도 원주시 단계동","481-4 번지.","220935","26410","강원도 원주시 원문로137번길 34","(단계동)","37.3542958","127.9288802","033-745-0612","033-748-1511","chongwon.gwe.sc.kr","남녀공학"
"강원도교육청","강원도교육청","강원도 태백시","S100003721","태백미래학교","05","공립","","N","단설","주간","20190301","20190301","4219010300","강원도 태백시 금천동","15번지.","235110","26053","강원도 태백시 금천길 179","(금천동, 태백미래학교)","37.092944","128.994232","033-582-9182","033-582-9184","http://tbmirae.gwe.sc.kr","남녀공학"
"강원도교육청","강원도교육청","강원도 속초시","S100003724","속초청해학교","05","공립","","N","단설","주간","20070302","20040617","4221011300","강원도 속초시 장사동","405-5.","217130","24802","강원도 속초시 동해대로4511번길 32","(장사동)","38.2195637","128.5609352","033-638-6606","033-638-6607","http://cheonghae.gwe.sc.kr","남녀공학"
"충청북도교육청","충청북도교육청","충청북도 음성군","S110001098","꽃동네학교","05","사립","","N","단설","주간","20010315","20001120","4377033029","충청북도 음성군 맹동면 통동리","235 번지.","27736","27736","충청북도 음성군 맹동면 원중로1119번길 42",", 꽃동네학교 (맹동면,꽃동네학교)","36.8912043","127.5665961","043-882-7700","043-882-9500","http://www.kkot.sc.kr","남녀공학"
"충청북도교육청","충청북도교육청","충청북도 충주시","S110001100","숭덕학교","05","사립","","N","단설","주간","19821101","19821101","4313011500","충청북도 충주시 봉방동","404-1번지.","380960","27431","충청북도 충주시 충원대로 490",", 숭덕학교 (봉방동)","36.9718808","127.9092669","043-852-6943","043-848-5781","http://www.sungdeok.sc.kr","남녀공학"
"충청북도교육청","충청북도교육청","충청북도 제천시","S110001104","청암학교","05","사립","","N","단설","주간","19920301","19920301","4315011700","충청북도 제천시 흑석동","45-1.","390270","27130","충청북도 제천시 의병대로45길 58",", 제천청암학교 (흑석동) 45-1","37.139638","128.252404","043-649-0214","043-649-0229","http://school.cbe.go.kr/cheongam-s/","남녀공학"
"충청북도교육청","충청북도교육청","충청북도 청주시 상당구","S110001106","청주맹학교","05","사립","","N","단설","주간","19670308","19670308","4311111700","충청북도 청주시 상당구 탑동","185-2.","360081","28723","충청북도 청주시 상당구 영운로 122-1","(탑동,청주맹학교)","36.6265263","127.4959977","043-253-7761","043-222-2570","http://school.cbe.go.kr/chsb-s","남녀공학"
"충청북도교육청","충청북도교육청","충청북도 청주시 흥덕구","S110001108","청주성신학교","05","사립","","N","단설","주간","19890321","19881123","4311312100","충청북도 청주시 흥덕구 현암동","산 5-83번지.","361350","28371","충청북도 청주시 흥덕구 서부로 837-42","(현암동,충북청주성신학교)","36.5977101","127.3993633","043-266-7976","043-276-4475","http://school.cbe.go.kr/cjss","남녀공학"
"충청북도교육청","충청북도교육청","충청북도 청주시 상당구","S110001109","청주혜원학교","05","공립","","N","단설","주간","19791108","19791108","4311112000","충청북도 청주시 상당구 금천동","7-1.","360800","28751","충청북도 청주시 상당구 중고개로248번길 25","(금천동)","36.6265487","127.51135","043-286-6881","043-286-0995","http://school.cbe.go.kr/cjhwon-s","남녀공학"
"충청북도교육청","충청북도교육청","충청북도 청주시 서원구","S110001110","청주혜화학교","05","공립","","N","단설","주간","19871030","19871030","4311231032","충청북도 청주시 서원구 남이면 구암리","275.","363812","28178","충청북도 청주시 서원구 남이면 구암길 52-7","(남이면)","36.592195","127.410297","043-233-0163","043-233-0165","http://school.cbe.go.kr/cjhyehwa-s","남녀공학"
"충청북도교육청","충청북도교육청","충청북도 충주시","S110001112","충주성모학교","05","사립","","N","단설","주간","19550419","19550419","4313010700","충청북도 충주시 호암동","충주성모학교.","380966","27489","충청북도 충주시 방아길 48-9","(호암동)","36.9492179","127.9408625","043-852-1374","043-844-7816","http://www.chungjusm.sc.kr","남녀공학"
"충청북도교육청","충청북도교육청","충청북도 충주시","S110001115","충주성심학교","05","사립","","N","단설","주간","19611208","19550419","4313010500","충청북도 충주시 교현동","640-2.","380062","27375","충청북도 충주시 봉현로 261","(교현동, 충주성심학교)","36.9779601","127.9327099","043-847-3230","043-843-1336","school.cbe.go.kr/sungsim-s","남녀공학"
"충청북도교육청","충청북도교육청","충청북도 충주시","S110002176","충주혜성학교","05","공립","","N","단설","주간","20170301","20170301","4313036023","충청북도 충주시 노은면 안락리",".","","27450","충청북도 충주시 노은면 감노로 1057","(노은면)","37.0","127.7","043-870-4702","043-854-4703","http://school.cbe.go.kr/cjhs-s","남녀공학"
"충청남도교육청","충청남도교육청","충청남도 공주시","S120001249","공주정명학교","05","공립","","N","단설","주간","19840131","19840131","4415012600","충청남도 공주시 송선동","101-1.","314260","32590","충청남도 공주시 장척로 116-14",", 공주정명학교 (송선동, 공주정명학교)","36.4850923","127.1789294","041-857-2062","041-857-0845","http://www.gjm.cnesc.kr","남녀공학"
"충청남도교육청","충청남도교육청","충청남도 천안시 서북구","S120001250","천안인애학교","05","공립","","N","단설","주간","19910129","19910129","4413325332","충청남도 천안시 서북구 성거읍 소우리","182-4.","331835","31048","충청남도 천안시 서북구 성거읍 봉주로 229","(성거읍)","36.8793252","127.1717973","041-629-9000","041-583-0868","http://inae.caesc.kr","남녀공학"
"충청남도교육청","충청남도교육청","충청남도 보령시","S120001251","보령정심학교","05","사립","","N","단설","주간","19720309","19720309","4418041025","충청남도 보령시 주교면 관창리","산14.","355922","33447","충청남도 보령시 주교면 보령북로 404",", 보령정심학교 (주교면)","36.3752004495608","126.583475310695","041-931-1715","041-932-7452","http://jeongsim.cnesc.kr/","남녀공학"
"충청남도교육청","충청남도교육청","충청남도 서산시","S120001252","서산성봉학교","05","공립","","N","단설","주간","19990301","19990301","4421036027","충청남도 서산시 성연면 명천리","35-1번지.","356853","31929","충청남도 서산시 성연면 명천1길 181-16","(성연면)","36.833849","126.500475","041-660-2900","041-669-2263","http://seongbong.cnesc.kr","남녀공학"
"충청남도교육청","충청남도교육청","충청남도 천안시 서북구","S120001253","나사렛새꿈학교","05","사립","","N","단설","주간","19980901","19980901","4413310700","충청남도 천안시서북구 쌍용동","456번지.","331092","31172","충청남도 천안시 서북구 월봉로 48",", 나사렛새꿈학교 (쌍용동)","36.7962396","127.119583","041-579-1295","041-579-1298","http://www.ns.caesc.kr/main.do","남녀공학"
"충청남도교육청","충청남도교육청","충청남도 아산시","S120002668","아산성심학교","05","공립","","N","단설","주간","20090301","20090301","4420039021","충청남도 아산시 선장면 군덕리","73-1.","31546","31546","충청남도 아산시 선장면 아산만로 368","(선장면,아산성심학교)","36.7764582467694","126.863320461274","041-541-8790","041-541-0101","http://asansungsim.cnesc.kr","남녀공학"
"충청남도교육청","충청남도교육청","충청남도 논산시","S120002913","성광온누리학교","05","공립","","N","단설","주간","20180305","20180302","4423031023","충청남도 논산시 성동면 병촌리",".","","32928","충청남도 논산시 성동면 병촌길 89","(성동면)","36.192390","127.012320","041-981-0003","041-736-4800","http://son.cnesc.kr","남녀공학"
"전라북도교육청","전라북도교육청","전라북도 군산시","S130001760","군산명화학교","05","공립","","N","단설","주간","19880928","19880216","4513014400","전라북도 군산시 나운동","801.","573350","54129","전라북도 군산시 상나운1길 37","(나운동, 군산명화학교)","35.9660841","126.6900925","063-462-2159","063-461-2462","http://myounghwa.sc.kr","남녀공학"
"전라북도교육청","전라북도교육청","전라북도 전주시 완산구","S130001761","동암차돌학교","05","사립","","N","단설","주간","19930120","19930120","4511114200","전라북도 전주시 완산구 효자동3가","0.","560860","55069","전라북도 전주시 완산구 천잠로 275",", 동암차돌학교 (효자동3가)","35.8104832","127.0928581","063-223-4444","063-225-4444","http://dajaehwal.sc.kr/","남녀공학"
"전라북도교육청","전라북도교육청","전라북도 익산시","S130001763","전북맹아학교","05","사립","","N","단설","주간","19620406","19620406","4514013600","전라북도 익산시 석암동","41-77.","570330","54590","전라북도 익산시 서동로46길 41","(용제동)","35.94187","127.005389","063-833-2621","063-831-0454","http://jbb.sc.kr","남녀공학"
"전라북도교육청","전라북도교육청","전라북도 완주군","S130001764","전북푸른학교","05","사립","","N","단설","주간","19831208","19831208","4571036030","전라북도 완주군 고산면 삼기리","18-1.","565862","55310","전라북도 완주군 고산면 대아저수로 157-11","(고산면, 전북푸른학교)","35.9907069","127.2382396","063-263-2600","063-263-2603","http://www.jbpr.sc.kr","남녀공학"
"전라북도교육청","전라북도교육청","전라북도 익산시","S130001765","전북혜화학교","05","사립","","N","단설","주간","19620628","19600301","4514012800","전라북도 익산시 덕기동","751-7.","570310","54570","전라북도 익산시 덕기길 77",", 전북혜화학교 (덕기동,사회복지법인창혜복지재단)","35.9671712","127.030975","063-839-5312","063-839-5307","http://www.hyehwa.sc.kr","남녀공학"
"전라북도교육청","전라북도교육청","전라북도 전주시 완산구","S130001766","전주선화학교","05","공립","","N","단설","주간","19750410","19750410","4511114200","전라북도 전주시 완산구 효자동3가","1130.","54880","54880","전라북도 전주시 완산구 효자로 39","(효자동3가)","35.8205235","127.0902331","063-220-0581","063-220-0522","http://sunhwa.sc.kr","남녀공학"
"전라북도교육청","전라북도교육청","전라북도 전주시 덕진구","S130001767","전주유화학교","05","공립","","N","단설","주간","20020308","20020301","4511310400","전라북도 전주시 덕진구 인후동2가","26-7.","561853","54927","전라북도 전주시 덕진구 모래내6길 26-16","(인후동2가,전주유화학교)","35.8373171","127.1459554","063-253-0686","063-253-2012","http://www.yoohwa.sc.kr","남녀공학"
"전라북도교육청","전라북도교육청","전라북도 전주시 완산구","S130001768","전주은화학교","05","공립","","N","단설","주간","19840305","19840305","4511114200","전라북도 전주시 완산구 효자동3가","전주은화학교.","560243","55068","전라북도 전주시 완산구 효자로 28-20","(효자동3가, 전주은화학교)","35.8190236","127.0867335","063-220-0902","063-224-0612","http://www.eunhwa.sc.kr","남녀공학"
"전라북도교육청","전라북도교육청","전라북도 남원시","S130002576","한울학교","05","공립","","N","단설","주간","20110301","20110301","4519042023","전라북도 남원시 이백면 서곡리","428.","590823","55723","전라북도 남원시 이백면 이백로 315","(이백면, 한울학교)","35.4250481251412","127.441588815674","063-630-6300","063-634-2010","http://hanul.sc.kr/index.jsp","남녀공학"
"전라북도교육청","전라북도교육청","전라북도 정읍시","S130002577","다솜학교","05","공립","","N","단설","주간","20110301","20110301","4518010900","전라북도 정읍시 과교동","408-1.","580140","56209","전라북도 정읍시 정읍남로 1146",", 다솜학교 (과교동)","35.5427012","126.8393306","063-530-4551","063-530-4570","http://dasom.sc.kr","남녀공학"
"전라남도교육청","전라남도교육청","전라남도 강진군","S140002321","덕수학교","05","사립","","N","단설","주간","19870406","19870328","4681036000","전라남도 강진군 성전면","송월리 40-2.","59202","59202","전라남도 강진군 성전면 예향로 181-13","(성전면,덕수학교)","34.7075181","126.7070973","061-432-4901","061-433-4904","http://duksu.sc.jne.kr/","남녀공학"
"전라남도교육청","전라남도교육청","전라남도 영암군","S140002322","소림학교","05","사립","","N","단설","주간","19800304","19800304","4683025327","전라남도 영암군 삼호읍 난전리","난전리 85-1.","526892","58464","전라남도 영암군 삼호읍 저두길 65-7","(삼호읍)","34.7387265","126.4607073","061-462-5532","061-462-5535","sorim.sc.jne.kr","남녀공학"
"전라남도교육청","전라남도교육청","전라남도 목포시","S140002323","목포인성학교","05","사립","","N","단설","주간","19850320","19850115","4611016000","전라남도 목포시 석현동","정명산길12-7번지.","530400","58606","전라남도 목포시 영산로692번길 12-7","(석현동)","34.8277973","126.425046","061-801-0300","061-801-0398","mpinsung.sc.jne.kr","남녀공학"
"전라남도교육청","전라남도교육청","전라남도 순천시","S140002325","순천선혜학교","05","공립","","N","단설","주간","19830525","19830131","4615013300","전라남도 순천시 조례동","845번지.","540966","57934","전라남도 순천시 비봉길 100","(조례동,순천선혜학교)","34.9650137","127.5190026","061-721-2001","061-721-4095","seonhye.sc.jne.kr","남녀공학"
"전라남도교육청","전라남도교육청","전라남도 여수시","S140002326","여수여명학교","05","공립","","N","단설","주간","19900326","19900131","4613031022","전라남도 여수시 소라면 죽림리","산 125-31.","556811","59656","전라남도 여수시 소라면 화양로 1965","(소라면)","34.7537717","127.6269772","061-808-3804","061-652-5595","http://yeomyeong.sc.jne.kr/","남녀공학"
"전라남도교육청","전라남도교육청","전라남도 영암군","S140002328","은광학교","05","사립","","N","단설","주간","19640510","19631216","4683025325","전라남도 영암군 삼호읍 산호리","산호리 442-3.","526895","58447","전라남도 영암군 삼호읍 신호정길 43-17","(삼호읍)","34.7571327","126.4791801","061-462-5602","061-462-1767","http://eungwang21.sc.jne.kr","남녀공학"
"전라남도교육청","전라남도교육청","전라남도 함평군","S140002329","함평영화학교","05","사립","","N","단설","주간","19850319","19841105","4686025000","전라남도 함평군 함평읍","진양리 744-2.","525801","57135","전라남도 함평군 함평읍 한나리길 10-25",", 함평영화학교 (함평읍)","35.104282","126.494238","061-323-9889","061-323-9779","http://yh.sc.jne.kr","남녀공학"
"전라남도교육청","전라남도교육청","전라남도 나주시","S140005422","나주이화학교","05","공립","","N","단설","주간","20130423","20130301","4617040025","전라남도 나주시 산포면 산제리","504-1.","58213","58213","전라남도 나주시 산포면 세남로 1354",", 나주이화학교 (산포면)","35.0113036868687","126.823238754796","061-334-9033","061-334-0991","http://ihwa.sc.jne.kr","남녀공학"
"경상북도교육청","경상북도교육청","경상북도 영천시","S150003793","경북영광학교","05","사립","","N","단설","주간","19840320","19831230","4723039030","경상북도 영천시 북안면 도천리","646.","770881","38909","경상북도 영천시 북안면 신평탑골길 4","(북안면,경북영광학교)","35.8930511","129.0145118","054-331-6501","054-331-6505","http://school.gyo6.net/kbyk","남녀공학"
"경상북도교육청","경상북도교육청","경상북도 경주시","S150003794","경희학교","05","공립","","N","단설","주간","19830325","19821211","4713012600","경상북도 경주시 동천동","733-6.","780934","38110","경상북도 경주시 초당길15번길 15",", 경희학교 (동천동)","35.8473092","129.2311678","054-749-1542","054-749-5036","http://school.gyo6.net/gyeonghui","남녀공학"
"경상북도교육청","경상북도교육청","경상북도 구미시","S150003795","구미혜당학교","05","사립","","N","단설","주간","19850129","19850129","4719010200","경상북도 구미시 지산동","산15번지.","730160","39192","경상북도 구미시 선산대로 129","(지산동, 금오여자고등학교)","36.1430571","128.3454625","054-455-1728","054-452-3114","http://www.hyedang.sc.kr","남녀공학"
"경상북도교육청","경상북도교육청","경상북도 상주시","S150003796","상희학교","05","공립","","N","병설","주간","19860609","19860609","4725010700","경상북도 상주시 남성동","118번지.","742903","37211","경상북도 상주시 상서문1길 99","(남성동, 상희학교)","36.4125624","128.1567269","054-534-8791","054-535-5260","http://school.gyo6.net/sangheesc","남녀공학"
"경상북도교육청","경상북도교육청","경상북도 안동시","S150003797","안동영명학교","05","사립","","N","단설","주간","19720316","19711215","4717032024","경상북도 안동시 북후면 오산리","501번지.","760892","36614","경상북도 안동시 북후면 산약길 12","(북후면, 안동영명학교)","36.6214165","128.7096299","054-841-8200","054-841-9663","http://school.gyo6.net/andongsc","남녀공학"
"경상북도교육청","경상북도교육청","경상북도 안동시","S150003798","안동진명학교","05","사립","","N","단설","주간","19660501","19660501","4717012700","경상북도 안동시 평화동","382-1.","760270","36654","경상북도 안동시 평화7길 33",", 안동진명학교 (평화동, 안동진명학교)","36.568546","128.715619","054-852-3282","054-854-2638","http://school.gyo6.net/adjm","남녀공학"
"경상북도교육청","경상북도교육청","경상북도 포항시 북구","S150003801","포항명도학교","05","사립","","N","단설","주간","19890310","19881118","4711311800","경상북도 포항시 북구 우현동","273.","791220","37642","경상북도 포항시 북구 소티재로 133","(우현동, 포항명도학교)","36.0629359","129.3507003","054-248-5370","054-248-5374","http://school.gyo6.net/phmd","남녀공학"
"경상북도교육청","경상북도교육청","경상북도 경산시","S150006368","경산자인학교","05","공립","","N","단설","주간","20130901","20130901","4729033031","경상북도 경산시 자인면 계남리","20번지.","38574","38574","경상북도 경산시 자인면 원효로156길","83","35.8072805","128.8171758","053-859-5600","053-856-4200","http://gsjain.school.gyo6.net","남녀공학"
"경상북도교육청","경상북도교육청","경상북도 포항시 북구","S150006378","한동글로벌학교","05","사립","","N","단설","주간","20110301","20100720","4711325031","경상북도 포항시 북구 흥해읍 남송리","3번지.","791708","37554","경상북도 포항시 북구 흥해읍 한동로 558","(흥해읍, 한동대학교)","36.1036576","129.3881109","054-260-1733","054-260-1739","http://his.sc.kr","남녀공학"
"경상남도교육청","경상남도교육청","경상남도 거제시","S160003069","거제애광학교","05","사립","","N","단설","주간","19791229","19791229","4831010200","경상남도 거제시 장승포동","521-4.","656910","53321","경상남도 거제시 거제대로 3063",", 거제애광학교 (장승포동, 거제도애광원)","34.867053","128.721374","055-681-7527","055-682-3380","http://aikwang-s.gne.go.kr","남녀공학"
"경상남도교육청","경상남도교육청","경상남도 의령군","S160003071","경남은광학교","05","공립","","N","단설","주간","19960205","19960205","4872031027","경상남도 의령군 가례면 운암리","117-1.","636821","52133","경상남도 의령군 가례면 홍의로 236","(가례면, 경남은광학교)","35.329596","128.226337","055-572-8436","055-572-8439","http://eungwang-s.gne.go.kr","남녀공학"
"경상남도교육청","경상남도교육청","경상남도 김해시","S160003072","김해은혜학교","05","공립","","N","단설","주간","20020901","20020501","4825011400","경상남도 김해시 화목동","60-5번지.","621150","51010","경상남도 김해시 김해대로2272번길 480",", 김해은혜학교 (화목동)","35.1","128.8","055-324-5540","055-324-5306","http://eunhye-s.gne.go.kr","남녀공학"
"경상남도교육청","경상남도교육청","경상남도 창원시 성산구","S160003073","창원천광학교","05","공립","","N","단설","주간","19850601","19850131","4812313100","경상남도 창원시 성산구 가음동","11-2번지.","642800","51500","경상남도 창원시 성산구 원이대로878번길 20","(가음동, 창원천광학교)","35.210809","128.692914","055-283-2997","055-283-3155","www.kcs.sc.kr","남녀공학"
"경상남도교육청","경상남도교육청","경상남도 창원시 마산회원구","S160003074","경남혜림학교","05","공립","","N","단설","주간","19690319","19690301","4812710600","경상남도 창원시 마산회원구 합성동","599.","630815","51208","경상남도 창원시 마산회원구 합성북2길 48","(합성동, 경남혜림학교)","35.2","128.5","055-290-4300","055-292-1208","hyerim-s.gne.go.kr","남녀공학"
"경상남도교육청","경상남도교육청","경상남도 진주시","S160003081","진주혜광학교","05","공립","","N","단설","주간","19810129","19810129","4817025023","경상남도 진주시 문산읍 삼곡리","706.","","52834","경상남도 진주시 문산읍 월아산로1048번길 36","(문산읍)","35.1","128.1","055-760-5100","055-761-7527","hyegwang-s.gne.go.kr","남녀공학"
"경상남도교육청","경상남도교육청","경상남도 통영시","S160003410","통영잠포학교","05","공립","","N","단설","주간","20080408","20080301","4822033023","경상남도 통영시 도산면 법송리","241.","650811","53003","경상남도 통영시 도산면 도산일주로 1705","(도산면, 통영시잠포학교)","34.880716","128.357802","055-646-9893","055-645-4565","http://tyjampo-s.gne.go.kr","남녀공학"
"경상남도교육청","경상남도교육청","경상남도 양산시","S160003451","양산희망학교","05","공립","","N","단설","주간","20110607","20110301","4833033025","경상남도 양산시 상북면 상삼리","564-3번지.","626851","50579","경상남도 양산시 상북면 충렬로 993-25","(상북면, 양산희망학교)","35.429032","129.059496","055-374-3710","055-374-3712","http://huimang-s.gne.go.kr/","남녀공학"
"경상남도교육청","경상남도교육청","경상남도 창원시 마산합포구","S160003863","창원동백학교","05","사립","","N","단설","주간","20140328","20140301","4812531027","경상남도 창원시 마산합포구 구산면 반동리",".","631842","51783","경상남도 창원시 마산합포구 구산면 반동길 370","(구산면, 창원동백학교)","35.073750","128.583768","055-223-2900","055-223-5812","http://dongbaek-s.gne.go.kr","남녀공학"
"경상남도교육청","경상남도교육청","경상남도 거창군","S160003927","거창나래학교","05","공립","","N","단설","주간","20190301","20190301","4888036021","경상남도 거창군 마리면 말흘리",".","","50109","경상남도 거창군 마리면 송림길 52","(마리면)","35.7","127.8","055-808-8301","055-808-8305","http://helpsc.gne.go.kr/gcnarae-s/main.do","남녀공학"
"제주특별자치도교육청","제주특별자치도교육청","제주특별자치도 제주시","S170000512","제주영지학교","05","공립","","N","단설","주간","19710410","19710408","5011010400","제주특별자치도 제주시 이도이동","690.","690825","63245","제주특별자치도 제주시 간월동로3길 15","(이도이동)","33.488117","126.542748","064-728-1100","064-757-0840","http://youngji.jje.sc.kr","남녀공학"
"제주특별자치도교육청","제주특별자치도교육청","제주특별자치도 제주시","S170000513","제주영송학교","05","사립","","N","단설","주간","19870321","19870130","5011025300","제주특별자치도 제주시 애월읍","광령2리 2539.","695792","63062","제주특별자치도 제주시 애월읍 광령중길 126-3","제주영송학교","33.450047","126.434217","064-748-2064","064-747-5758","http://youngsong.jje.sc.kr","남녀공학"
"제주특별자치도교육청","제주특별자치도교육청","제주특별자치도 서귀포시","S170000790","서귀포온성학교","05","공립","","N","단설","주간","20060512","20060105","5013010700","제주특별자치도 서귀포시 상효동","1291-2.","697050","63582","제주특별자치도 서귀포시 516로 447-10",", 서귀포온성학교 (상효동)","33.2913382","126.5933101","064-760-8000","064-767-8014","http://onseong.jje.sc.kr","남녀공학"